unique_trial_ID,season,ID,trial,time_at_edge,total_trial_time,percent_time_at_edge,mean_speed,task,mean_speed_at_edge_cm_s,mean_speed_out_edge_cm_s,total_distance_at_edge_cm,total_distance_out_edge_cm
spring_20201031-1_T1,spring,20201031-1,T1,12583.8333333333,77940.1,16.1455185884203,23.992437678913433,cue,51.659650394237396,18.66533422939692,650.0764306193511,1219.8965613189266
spring_20201031-1_T10,spring,20201031-1,T10,3512.8,9387.5,37.4199733688416,89.0623826578935,cue,116.51049842033603,72.6496737450453,409.27807885095655,426.79503835001765
spring_20201031-1_T2,spring,20201031-1,T2,1289,4059.03333333333,31.7563295037406,99.7869193742689,cue,121.86460266318932,89.51334850529534,157.08347283285104,247.9549591379516
spring_20201031-1_T3,spring,20201031-1,T3,14674.6666666667,76791.0333333333,19.1098700325689,24.556464313416967,cue,53.160203117869735,17.79898065974097,780.1082606870323,1105.6080089533784
spring_20201031-1_T4,spring,20201031-1,T4,483.966666666667,877.833333333333,55.1319536738181,131.08324310012537,cue,108.94816910130433,158.2818838744044,52.72728223939458,62.34195799533209
spring_20201031-1_T5,spring,20201031-1,T5,155232.933333333,354278.5,43.8166395458187,14.612725879208844,cue,14.165738199515605,14.961325498103346,2198.9890935428602,2977.9855118544283
spring_20201031-1_T6,spring,20201031-1,T6,546.933333333333,1765.83333333333,30.9731005191128,69.63281674132662,cue,59.63374093965344,74.11950790422888,32.61568071126111,90.3442681844646
spring_20201031-1_T7,spring,20201031-1,T7,676.2,885.5,76.3636363636364,63.86556370034124,cue,70.1883000177009,43.438261751948694,47.46132847196934,9.091628184682863
spring_20201031-1_T8,spring,20201031-1,T8,5289.03333333333,13725.9333333333,38.533141644284,66.97738909778293,cue,75.61818184664192,61.56053683271606,399.9470843929506,519.3800932039422
spring_20201031-1_T9,spring,20201031-1,T9,211.733333333333,319.7,66.2287561255343,184.19807789394213,cue,182.4133416467692,187.69812255033068,38.622984871342595,20.265140631350704
spring_20201101-1_T1,spring,20201101-1,T1,3593.13333333333,14337.6,25.060912100584,63.6792109746263,cue,94.15029247669347,53.489160407717925,338.2945542410897,574.7125010287116
spring_20201101-1_T10,spring,20201101-1,T10,5367.23333333333,16984.8333333333,31.6001530777458,69.63609530235745,cue,92.3066960973529,59.16246871221873,495.43157618358237,687.3258965110725
spring_20201101-1_T2,spring,20201101-1,T2,4118.7,13216.5,31.1633185790489,79.9497559325562,cue,103.30683426397907,69.37568324205608,425.48985828305075,631.1660909995779
spring_20201101-1_T3,spring,20201101-1,T3,3098.96666666667,6562.6,47.2216296386595,85.36153885850075,cue,74.100424937998,95.43703280103928,229.63474686869125,330.5588880441063
spring_20201101-1_T4,spring,20201101-1,T4,90.6,275.2,32.921511627907,178.66228353561883,cue,204.66769508861572,165.8990642143753,18.542893175028585,30.62496725397368
spring_20201101-1_T5,spring,20201101-1,T5,26001.5,102879,25.2738654147105,27.739780934929097,cue,43.15527555691935,22.525953958067483,1122.1018973932385,1731.739025411333
spring_20201101-1_T6,spring,20201101-1,T6,47534.6666666667,297862.6,15.958588512511,10.19298199254304,cue,23.881010124253585,7.593768049852859,1135.175855919686,1900.9322621323627
spring_20201101-1_T7,spring,20201101-1,T7,4589.6,17836.5,25.7315056204973,68.80501105129751,cue,118.0178777146062,51.75442768176031,541.6548515589567,685.5857280575107
spring_20201101-1_T8,spring,20201101-1,T8,2233.93333333333,8484.7,26.3289607568132,109.2140397572534,cue,141.7211106192233,97.59648417725778,316.5955130493035,610.0528500790637
spring_20201101-1_T9,spring,20201101-1,T9,75.4333333333334,230.1,32.7828480370853,213.09366577442157,cue,222.3705350884174,208.56919265856507,16.77415069683629,32.25870179785807
spring_20201101-3_T1,spring,20201101-3,T1,27134.7666666667,90365.2,30.027894218866,26.96052588313192,cue,33.93828276971987,23.966084836426656,920.9073840237025,1515.3859295106868
spring_20201101-3_T10,spring,20201101-3,T10,6946.93333333333,26104.2,26.6123203673483,82.2312956219817,cue,136.2781965095849,62.632454938057194,946.7155459389852,1199.866641236345
spring_20201101-3_T2,spring,20201101-3,T2,5557.83333333333,19602.3333333333,28.3529171697247,78.28832911734236,cue,122.1105292724954,60.94655940234235,678.6699699416506,855.9639535261971
spring_20201101-3_T3,spring,20201101-3,T3,10398.3666666667,30577.8333333333,34.0062245526443,66.59385678418421,cue,89.21609225071971,54.936744974124146,927.701639790142,1108.5942139805059
spring_20201101-3_T4,spring,20201101-3,T4,40065.7666666666,139635.5,28.6931093215312,22.24050368559965,cue,35.118278202559985,17.05862871506837,1407.0407401988537,1698.5231121917002
spring_20201101-3_T5,spring,20201101-3,T5,39582.8666666667,52008.7,76.1081639546204,22.29235979181593,cue,13.585754528022168,50.02751332486243,537.7631100487642,621.6335426558529
spring_20201101-3_T6,spring,20201101-3,T6,55781.9,308525.1,18.0801821310487,12.982977277188276,cue,29.632462641185143,9.30833864150612,1652.9550678043252,2352.619294937909
spring_20201101-3_T7,spring,20201101-3,T7,305.2,372.5,81.9328859060403,179.5834995210341,cue,161.97073185362896,259.4559615134862,49.43346736172756,17.461386209857622
spring_20201101-3_T8,spring,20201101-3,T8,70946.3,456317.6,15.547570376422,7.573903905698663,cue,20.22367579512784,5.245099162327749,1434.7949700638778,2021.3106828151554
spring_20201101-3_T9,spring,20201101-3,T9,84330.6333333334,377071.533333333,22.3646247140021,8.343227523746554,cue,16.36981533854021,6.030987471443774,1380.476895048811,1765.516700279175
spring_20201103-1_T1,spring,20201103-1,T1,50032.1333333333,209745.933333333,23.8536845688546,14.274334888991213,cue,22.459628831873683,11.710200055790668,1123.7031443334818,1870.28054967054
spring_20201103-1_T10,spring,20201103-1,T10,184,697,26.3988522238164,405.3721467096672,cue,668.5190836883625,310.9880601520068,123.00751139865869,159.53687485797946
spring_20201103-1_T2,spring,20201103-1,T2,1718.33333333333,8131.7,21.1312927596116,49.71672028261224,cue,85.28368962587898,40.18726217353073,146.54580667380205,257.7356476483162
spring_20201103-1_T3,spring,20201103-1,T3,4502.7,14554.8333333333,30.9361151507518,103.23215249536165,cue,160.74193821808691,77.47152004184741,723.77272521458,778.7540489966558
spring_20201103-1_T4,spring,20201103-1,T4,1608.4,5014.2,32.0769015994575,183.88857429829184,cue,256.6512648336761,149.5261597533648,412.79789435848465,509.25619488800976
spring_20201103-1_T5,spring,20201103-1,T5,5316.13333333333,19965.5,26.626597547436,71.53965826002084,cue,101.06809384715945,60.82403455574414,537.2914626373457,891.0335843531
spring_20201103-1_T6,spring,20201103-1,T6,54732.9666666667,190463,28.7367975232285,22.905872213255225,cue,33.71771462598087,18.546010244256234,1845.4705506999896,2517.25058865324
spring_20201103-1_T7,spring,20201103-1,T7,10412.6,47012,22.1488130690036,53.92213933597655,cue,105.68943377991609,39.19424406646513,1100.5017981767542,1434.4858162861835
spring_20201103-1_T8,spring,20201103-1,T8,44663.9,129224,34.5631616418003,27.518177415325408,cue,36.50448648113465,22.771688119730985,1630.4327337447498,1925.5762245732642
spring_20201103-1_T9,spring,20201103-1,T9,14274.6666666667,30083.2,47.4506258199482,80.67436931008803,cue,81.04443848209415,80.34020712295715,1156.882344519067,1270.0608423101723
spring_20201103-4_T1,spring,20201103-4,T1,9762.33333333333,37125.9333333333,26.2951862938575,34.94573191545745,cue,56.035439369511465,27.421694359398963,547.0366376049608,750.3562757728495
spring_20201103-4_T10,spring,20201103-4,T10,3942.83333333333,10520.5,37.4776230534037,93.70487360994848,cue,104.15240053517314,87.4423401768658,410.6555565767652,575.1665662366976
spring_20201103-4_T2,spring,20201103-4,T2,4218.7,9362.5,45.0595460614152,64.64984333432352,cue,71.35195972689323,59.15308637928359,301.01251249984455,304.271645717759
spring_20201103-4_T3,spring,20201103-4,T3,1466.2,7293.03333333333,20.1041176282388,98.15591947595308,cue,209.76338918873938,70.07224816914464,307.5550812285297,408.2993113735776
spring_20201103-4_T4,spring,20201103-4,T4,28460.0333333333,93654.5,30.3883244620743,34.82816514451212,cue,48.963378474303155,28.657570259573653,1393.4993834912837,1868.3150090354322
spring_20201103-4_T5,spring,20201103-4,T5,6771.46666666667,38127.6,17.7600128690677,21.164435157652775,cue,45.67549816751415,15.871185369120948,309.29011332471646,497.6590045922057
spring_20201103-4_T6,spring,20201103-4,T6,495.566666666667,1237.6,40.042555483732,153.4356626459459,cue,207.48950650831168,117.3358245119087,102.82488310863566,87.06709298198665
spring_20201103-4_T7,spring,20201103-4,T7,5594.76666666667,24949.2,22.4246335219833,71.37677284000584,cue,135.9184415348112,52.71977728732069,760.431966084244,1020.3614148556289
spring_20201103-4_T8,spring,20201103-4,T8,71622.5333333333,300263,23.8532664142213,13.133069457672676,cue,22.58598700889335,10.171905529518977,1617.6656074106975,2325.7092271584656
spring_20201103-4_T9,spring,20201103-4,T9,40797.1333333333,224420.5,18.1788799745715,11.466623502905438,cue,25.645118152837753,8.316469210454795,1046.2473046304085,1527.0980752033845
spring_20201103-5_T1,spring,20201103-5,T1,196602.966666667,337725.033333333,58.21391583745,6.639069576619833,cue,6.022534976772635,7.497989334852357,1184.0482432872645,1058.1317507789897
spring_20201103-5_T10,spring,20201103-5,T10,58429.7,237195.933333333,24.6335167634971,10.500528734746425,cue,17.801330445013583,8.114263466769462,1040.1263975030104,1450.5563162286517
spring_20201103-5_T2,spring,20201103-5,T2,12554.0333333333,54450.9333333333,23.0556807107071,34.90656851421606,cue,70.86204491990812,24.132829900787957,889.6044739926903,1011.0907610703235
spring_20201103-5_T3,spring,20201103-5,T3,13993.5333333333,63212.6,22.137253226941,19.80032966071051,cue,40.29575946888466,13.973248823439894,563.8800533198199,687.7502653908094
spring_20201103-5_T4,spring,20201103-5,T4,21315.7666666667,204575.2,10.4195262508196,6.049374604967517,cue,25.539545679510177,3.7823811336808126,544.3949964771138,693.1570232090369
spring_20201103-5_T5,spring,20201103-5,T5,149590.5,769647,19.4362480461822,5.129870333224049,cue,10.31333157245854,3.8793446819201587,1542.776426589859,2405.412885765026
spring_20201103-5_T6,spring,20201103-5,T6,104806.466666667,426811,24.5557088891024,8.56081483376518,cue,13.836648134517713,6.843629546805831,1450.170201488726,2203.6797385254226
spring_20201103-5_T7,spring,20201103-5,T7,44783.1333333333,164798,27.1745611799496,12.19132422842074,cue,20.354711418483323,9.145184469755888,911.547755415461,1097.5580947798235
spring_20201103-5_T8,spring,20201103-5,T8,182518.466666667,759037.533333333,24.046039708357,6.540530900409038,cue,11.219222863362555,5.059317645795774,2047.7153542125438,2916.7930871243784
spring_20201103-5_T9,spring,20201103-5,T9,6176.63333333333,49680.0333333333,12.4328284803888,28.173329051758145,cue,87.47521736633091,19.753618866039297,540.3023434254584,859.3495829768536
spring_20201106-1_T1,spring,20201106-1,T1,17858.0666666667,148553.5,12.0213032117498,6.928516246389017,cue,22.23751285909823,4.836713379702256,397.1189871386335,632.1363510693176
spring_20201106-1_T10,spring,20201106-1,T10,16929.7333333333,132963.333333333,12.7326330567324,9.103267808819266,cue,21.391792842346753,7.310326351537803,362.1573483428392,848.2434837437967
spring_20201106-1_T2,spring,20201106-1,T2,6222.16666666667,48763.5,12.7598852967212,12.83142336811484,cue,40.16267042079589,8.833909396535255,249.8988291365955,375.8062842744718
spring_20201106-1_T3,spring,20201106-1,T3,57325.2,85768.2,66.8373593009997,21.531541092893605,cue,18.03824898651462,28.572066658290844,1034.046230801748,812.6752919617666
spring_20201106-1_T4,spring,20201106-1,T4,10278.3333333333,41317.5,24.8764647748129,37.21610034464701,cue,64.53600706318765,28.169365588385297,663.3225925977972,874.3536333921559
spring_20201106-1_T5,spring,20201106-1,T5,211128.466666667,303668.2,69.5260375194593,3.3592582120888226,cue,2.1943582688122296,6.01696566363476,463.2914966116472,556.8083979885836
spring_20201106-1_T6,spring,20201106-1,T6,8286.13333333333,67301.5,12.3119593669284,11.825430810508768,cue,35.991801506178746,8.432318455584024,298.2328661870646,497.6363655063915
spring_20201106-1_T7,spring,20201106-1,T7,45218.0666666667,153469.833333333,29.4638142783761,13.777671496180655,cue,18.98084106115937,11.604244904523636,858.2769364929082,1256.1800117473479
spring_20201106-1_T8,spring,20201106-1,T8,25830.1333333333,79606.8333333333,32.4471307948857,28.223298898397083,cue,38.67076261284182,23.20515199203669,998.8709543913858,1247.8964971301596
spring_20201106-1_T9,spring,20201106-1,T9,104265.8,1106091.03333333,9.42651163944282,2.208042446819069,cue,8.184691661393854,1.586017675488841,853.3834238285593,1588.9125278173983
spring_20240520-1_T1,spring,20240520-1,T1,184203.1,918472.533333333,20.0553738206506,3.947729140689765,cue,7.7698108369421774,2.98889950004021,1431.2232425783438,2194.65754218481
spring_20240520-1_T10,spring,20240520-1,T10,29052.1333333333,293930,9.88403134533166,4.823010220437478,cue,18.418297832112117,3.3318621929715335,535.0908443915657,882.5365497016215
spring_20240520-1_T2,spring,20240520-1,T2,107419.766666667,560570,19.1625964048498,3.910684317919701,cue,7.315199213435431,3.1036402764781985,785.7969926274175,1406.4153154688267
spring_20240520-1_T3,spring,20240520-1,T3,374305.966666666,1905492.6,19.6435276981221,2.3285821427574476,cue,4.4803945934300335,1.802561198020647,1677.038429341935,2760.057612174535
spring_20240520-1_T4,spring,20240520-1,T4,81549.5666666667,444706.5,18.3378400510599,4.4630138275291955,cue,9.296205449145148,3.3776850173589352,758.1015260220923,1226.6297326700178
spring_20240520-1_T6,spring,20240520-1,T6,54415.8,264073,20.6063474872478,7.34047544237097,cue,14.819051388063006,5.399436961719765,806.3905365225589,1132.030834970673
spring_20240520-1_T7,spring,20240520-1,T7,31444.2333333333,173827.833333333,18.0892971685585,11.595550160065962,cue,24.939535830834547,8.64864195555148,784.2045838897886,1231.4247767424595
spring_20240520-1_T9,spring,20240520-1,T9,30383.3333333333,166479.333333333,18.2505135772608,6.417080784452303,cue,13.122165734613375,4.920175430370896,398.69513557000306,669.6161953717576
spring_20240520-2_T1,spring,20240520-2,T1,8686.76666666666,61408,14.1459853222164,26.79163742114757,cue,74.88598199526893,18.86723347823922,650.5170521971022,994.7038185607281
spring_20240520-2_T10,spring,20240520-2,T10,170265.733333333,1409900.1,12.0764395529395,1.853293686718192,cue,5.082424374245913,1.4097674992186504,865.3627131921882,1747.5962410411623
spring_20240520-2_T2,spring,20240520-2,T2,37356.2,450233.433333333,8.29707374759597,6.875469516077354,cue,24.68339281971927,5.264248817021675,922.0777588519968,2173.488487150182
spring_20240520-2_T3,spring,20240520-2,T3,11620.5,82918.8333333333,14.0143071638329,16.39087868979605,cue,45.459351316900694,11.653177675327225,528.2603919780445,830.8521462880391
spring_20240520-2_T4,spring,20240520-2,T4,66859.7333333333,393417.033333333,16.994620890419,9.55013621321224,cue,23.043730468180843,6.787441538815426,1540.6976741077792,2216.48858282341
spring_20240520-2_T5,spring,20240520-2,T5,541504.833333333,2785337.6,19.4412639004095,1.587169198427404,cue,2.989287727134732,1.248795514131336,1618.7137524674724,2802.0882934742367
spring_20240520-2_T6,spring,20240520-2,T6,45912.3,385521.5,11.9091412541194,5.938834821305837,cue,18.572685320103954,4.230844771990439,852.7147002222082,1436.8338083398548
spring_20240520-2_T7,spring,20240520-2,T7,45872.8,564249.033333333,8.12988543888216,1.6053340059501746,cue,6.51381664030971,1.1709664024403532,298.80700797759937,607.0011530569144
spring_20240520-2_T8,spring,20240520-2,T8,564620.866666667,2412616.53333333,23.4028432975452,1.771189071885113,cue,2.944425158954919,1.412728503911577,1662.4838850842636,2610.716153405076
spring_20240520-2_T9,spring,20240520-2,T9,26801.0333333333,353817.6,7.57481632720739,5.842928681888375,cue,26.109627174464098,4.181947198923321,699.7649882237183,1367.566014973188
spring_20240520-3_T1,spring,20240520-3,T1,10732.3333333333,56334.7,19.0510171055022,30.803408920502637,cue,66.89488882461565,22.309424482028803,717.9382451620498,1017.3625553517875
spring_20240520-3_T10,spring,20240520-3,T10,10281.2666666667,78445.5,13.1062542359557,17.260065599502955,cue,46.684463316879864,12.821959797607668,479.9754165510597,873.9990594347489
spring_20240520-3_T3,spring,20240520-3,T3,27035.5,49852.8333333333,54.2306187879659,16.539065052127043,cue,13.128246112526684,20.58043106516826,354.9286977752151,469.5905557576324
spring_20240520-3_T4,spring,20240520-3,T4,1709.6,7946.5,21.513874032593,110.0391874496932,cue,211.1237446941885,82.33084531414686,360.9371539291847,513.4892491398025
spring_20240520-3_T8,spring,20240520-3,T8,97909.6333333333,328930.1,29.7660911340535,15.381768037332158,cue,20.52309443211945,13.202803595679756,2009.4086507141903,3050.117847982281
spring_20240520-3_T9,spring,20240520-3,T9,51497.8666666667,313709.7,16.4157712262855,12.461808807299551,cue,28.788628335893087,9.255254913504121,1482.5529435580438,2426.8373588372565
spring_20240520-4_T1,spring,20240520-4,T1,9762,47629.8333333333,20.4955577561682,32.39838133670592,cue,68.00977896951714,23.218070949486215,663.9114623004265,879.2180410366527
spring_20240520-4_T10,spring,20240520-4,T10,8920.33333333333,143423.7,6.21956715196535,5.401997418150095,cue,30.788841638264724,3.7183286867491048,274.6467303605341,500.1277267409999
spring_20240520-4_T2,spring,20240520-4,T2,7450.4,85466,8.71738469098823,10.859022379613508,cue,47.497221860486384,7.360116501657099,353.8733017493676,574.2039049466795
spring_20240520-4_T3,spring,20240520-4,T3,10978.4333333333,69870.9333333333,15.7124469498046,10.981560026822333,cue,28.834349294758848,7.653535969563933,316.5559814425571,450.735867087544
spring_20240520-4_T4,spring,20240520-4,T4,34652.8333333333,388573.533333333,8.91796027281323,3.838214075320497,cue,14.956899115294732,2.749569247323562,518.2989322257891,973.1294727112281
spring_20240520-4_T5,spring,20240520-4,T5,7114.3,53550.9333333333,13.2851092542427,5.9347638694877745,cue,16.860705466352297,4.260860730459463,119.95211689927014,197.86002742474489
spring_20240520-4_T7,spring,20240520-4,T7,21946.8666666667,118326,18.5477973282851,6.75971111167238,cue,15.48533242104786,4.772766003975942,339.8545259337479,459.9950510659978
spring_20240520-4_T8,spring,20240520-4,T8,143874.033333333,1227655.1,11.7194180461054,1.6437570947397382,cue,4.787817262843139,1.2263770247787669,688.8425804682025,1329.1242000502243
spring_20240524-1_T1,spring,20240524-1,T1,2978.13333333333,17459.2,17.0576735092864,28.758418174473572,cue,77.19372161535466,18.797356948269922,229.8931954667416,272.2057791250266
spring_20240524-1_T2,spring,20240524-1,T2,12096.5666666667,77580.1,15.5923576621668,10.516316559007516,cue,26.924407530791186,7.485301642592196,325.6928906567177,490.1639996227409
spring_20240524-1_T3,spring,20240524-1,T3,55808.3666666666,518475.1,10.7639434693521,3.107264520776359,cue,10.167873410761077,2.255590904687132,567.4524075280046,1043.5868756079733
spring_20240524-1_T5,spring,20240524-1,T5,10823.1333333333,80337,13.4721651708843,9.378053718521103,cue,27.937898779762016,6.488332755262665,302.37560354653493,451.02909803829493
spring_20240524-1_T6,spring,20240524-1,T6,67715.8333333333,660555.333333333,10.2513491173588,2.391332660227775,cue,8.669114533114831,1.6742663530612611,587.0363148719816,992.571227615662
spring_20240524-1_T7,spring,20240524-1,T7,6098.1,59377.6,10.2700344911212,4.27610625858985,cue,8.193805753046801,3.8277063432913137,49.96664686265469,203.93828011738952
spring_20240524-1_T8,spring,20240524-1,T8,14664.6333333333,83813.4333333333,17.496757679656,11.325923614129303,cue,26.362075821082296,8.137153037356361,386.5901758217041,562.6743679495476
spring_20240524-1_T9,spring,20240524-1,T9,15765.0666666667,54330.5,29.0169732777476,15.712457284397862,cue,20.598029655145528,13.71529642109468,324.7293107153463,528.9363497746322
spring_20240524-2_T1,spring,20240524-2,T1,12438.1666666667,35017.5,35.51985911806,28.76478810056121,cue,36.72220785081447,24.381323290988664,456.7569416164054,550.5140256949966
spring_20240524-2_T10,spring,20240524-2,T10,3826.23333333333,82103,4.66028443946425,9.412829425965958,cue,79.8749995819904,5.968580057081448,305.62038590059774,467.2011484594845
spring_20240524-2_T2,spring,20240524-2,T2,43658.8666666667,214024.533333333,20.3990009868028,17.57460905379302,cue,33.164628717358426,13.579422681212154,1447.9301032206565,2313.4673980331636
spring_20240524-2_T3,spring,20240524-2,T3,13990.2333333333,125081,11.1849388263072,5.844345732699179,cue,17.987593883270847,4.315083849388747,251.65063553219858,479.36597305954723
spring_20240524-2_T4,spring,20240524-2,T4,47459.3,334432,14.1910164099129,7.105866486244229,cue,19.156630308972957,5.112921458748464,909.1602648226406,1467.2688759049856
spring_20240524-2_T5,spring,20240524-2,T5,12586.3,221251.533333333,5.68868373944226,4.158006812253704,cue,26.068659404724848,2.836396871204809,328.10796786568824,591.857414955888
spring_20240524-2_T6,spring,20240524-2,T6,3489.83333333333,85315.1,4.09052246710528,7.810798963399,cue,65.82245251797177,5.336612070476763,229.70938887896855,436.6697057633133
spring_20240524-2_T7,spring,20240524-2,T7,5396,51421.5333333333,10.4936582987931,11.348548786157869,cue,41.84038756481174,7.773707819992349,225.77073129972408,357.7890483926519
spring_20240524-2_T8,spring,20240524-2,T8,55494.5666666667,265268.5,20.9201494586303,7.530799805511416,cue,14.001718353440518,5.818953080580145,777.0192926128952,1220.6646755954139
spring_20240524-2_T9,spring,20240524-2,T9,34142.8333333333,163125.2,20.9304468796564,9.592249824314797,cue,18.507325069331834,7.232346404094751,631.8925152880186,932.8451557532975
spring_20240524-3_T1,spring,20240524-3,T1,8796.5,23226.3333333333,37.8729602893268,30.72405308954913,cue,33.77442779987718,28.86452910756259,297.0967541416196,416.51034426727693
spring_20240524-3_T10,spring,20240524-3,T10,13414.5666666667,49220.7,27.2539128185228,18.740801070354692,cue,28.826414906964715,14.962282515280473,386.69386453047196,535.7414827131346
spring_20240524-3_T3,spring,20240524-3,T3,42995.6666666667,98536.5333333333,43.6342392127996,18.98272520680853,cue,18.02079207394307,19.727383308464148,774.815969080565,1095.6759660176324
spring_20240524-3_T4,spring,20240524-3,T4,184937.566666667,900252.5,20.5428551063914,2.785139604096583,cue,5.154020074271365,2.1726891022780133,953.1719310868989,1554.1569603500575
spring_20240524-3_T5,spring,20240524-3,T5,147637.3,1013870,14.5617584108416,4.02640591139291,cue,11.003828150961812,2.837201462738522,1624.5754778719931,2457.6766835119383
spring_20240524-3_T7,spring,20240524-3,T7,4625.2,101640.5,4.55054825586257,4.128165285114674,cue,37.90628165472694,2.5177951287297424,175.32413390944305,244.26464975225457
spring_20240524-3_T8,spring,20240524-3,T8,8644.93333333333,25399.8333333333,34.035393933031,26.16297001001144,cue,37.383154011676304,20.373753560965067,323.17487422067416,341.3602035386136
spring_20240524-3_T9,spring,20240524-3,T9,10708.2333333333,75083.4333333333,14.2617790076195,5.731655527752552,cue,12.762278068222576,4.562174941409573,136.66145141940996,293.6909242882296
spring_20240526-1_T1,spring,20240526-1,T1,134626.3,577710.933333333,23.3034017935614,9.838556505677216,cue,17.065327393104468,7.642783165033913,2297.4418852223002,3386.399776325223
spring_20240526-1_T10,spring,20240526-1,T10,23357.0666666667,170613.333333333,13.6900593935605,5.705091305213349,cue,15.702022994133953,4.119427039740773,366.7531978755196,606.6114466779447
spring_20240526-1_T2,spring,20240526-1,T2,546056.466666666,2569077.33333333,21.2549641687184,2.785657332615007,cue,5.030542586841427,2.1797149371641935,2746.9603103868217,4409.608801268185
spring_20240526-1_T3,spring,20240526-1,T3,436526.866666667,2034120.93333333,21.4602219323964,2.447263041718313,cue,4.202824230086563,1.9675732126248835,1834.6456923104336,3143.383290221785
spring_20240526-1_T4,spring,20240526-1,T4,110051.633333333,436139,25.2331557905469,4.233270082912273,cue,6.63643618188392,3.4222225496495775,730.3506413287557,1115.9435393625165
spring_20240526-1_T5,spring,20240526-1,T5,16688.0666666667,98536.5333333333,16.9359181839832,14.096136608884343,cue,35.72783810441563,9.685653537270795,596.2285441423616,792.7558906901903
spring_20240526-1_T6,spring,20240526-1,T6,26527.3333333333,170613.333333333,15.5482181931854,7.257779924940329,cue,19.42012232917396,5.018599775090639,515.1640584001074,723.1099671937097
spring_20240526-1_T8,spring,20240526-1,T8,143730.133333333,766931.2,18.7409422557504,4.197293221063062,cue,8.047611860395591,3.3092863786372293,1156.684325709573,2062.3508010721916
spring_20240526-1_T9,spring,20240526-1,T9,4088.16666666667,69870.9333333333,5.85102627320469,3.4149925446044844,cue,7.372182912796497,3.1690671362240144,30.138712444664215,208.47000397322591
spring_20240526-2_T1,spring,20240526-2,T1,32824.9,155499.5,21.1093283258145,11.53552452685327,cue,18.349050287937526,9.712381824492562,602.3057407965204,1191.4625553668952
spring_20240526-2_T2,spring,20240526-2,T2,243861.9,761964.7,32.0043566322692,8.733355201367138,cue,10.981407234453675,7.675236542121618,2677.9468328676203,3976.5615431355254
spring_20240526-2_T3,spring,20240526-2,T3,63696.0666666667,343602.333333333,18.5377282071232,17.928296742899143,cue,38.01643378919523,13.356997458507681,2421.4973010654985,3738.7072924870404
spring_20240526-2_T4,spring,20240526-2,T4,44580.9333333333,125538,35.5119034342855,21.06357907238836,cue,25.294752508237877,18.73358283324546,1127.6636752529193,1516.6159143365749
spring_20240526-2_T5,spring,20240526-2,T5,44517.1666666667,83664,53.209464843501,14.329562978010902,cue,11.905791522281461,17.085837973177387,530.0121054959907,668.856451496313
spring_20240526-2_T6,spring,20240526-2,T6,22840.4666666667,58001.5,39.3790965176188,31.12252479647428,cue,33.3351066460316,29.68524047371317,761.3893921784633,1043.7637298042446
spring_20240526-2_T8,spring,20240526-2,T8,12555,59063.4333333333,21.2568069471071,23.305713055421528,cue,41.59225627399445,18.369241674764762,522.1907775200003,854.3246518146849
spring_20240526-2_T9,spring,20240526-2,T9,16618.4666666667,18497.7,89.8407189362281,9.960928669057756,cue,6.70654340097595,38.74016120969067,111.45246795767213,72.80180228395768
spring_20240526-3_T10,spring,20240526-3,T10,54107.5666666666,305806.2,17.6934171598439,8.012936330950614,cue,16.880945149797487,6.106583594696797,913.3868650890105,1537.0187451209376
spring_20240526-3_T2,spring,20240526-3,T2,36598.5666666667,214024.533333333,17.100173562657,4.400153567387569,cue,9.005314288025,3.4502233806657534,329.5815953245689,612.159218530556
spring_20240526-3_T4,spring,20240526-3,T4,68910.9333333333,297299.2,23.1789837757159,9.85193231180945,cue,17.928285511212465,7.415077542414463,1235.4548876441272,1693.5167071109654
spring_20240526-3_T5,spring,20240526-3,T5,191063.966666667,783983.7,24.3709106026907,6.648783334092915,cue,10.709541770863996,5.340234181507308,2046.2075319236337,3166.3302268368657
spring_20240526-3_T6,spring,20240526-3,T6,9014.06666666666,102217.533333333,8.81851319701838,8.476834431351726,cue,37.66192777438345,5.654231512429751,339.4871277534773,526.9939782943626
spring_20240526-3_T7,spring,20240526-3,T7,143313.3,595508.433333333,24.0657045271063,6.509272290239264,cue,11.214609726224904,5.018019099180346,1607.202728077388,2269.12381562307
spring_20240526-3_T8,spring,20240526-3,T8,39577.0333333333,203292.6,19.468014740002,8.870181907605176,cue,19.543705358358153,6.2899361680253065,773.4818784245858,1029.7604640454251
spring_20240526-3_T9,spring,20240526-3,T9,99352.9,525002.6,18.9242681845766,4.1633711512483575,cue,7.694731834069777,3.3390996322403916,764.4939224371512,1421.2867567332328
spring_20240604-2_T10,spring,20240604-2,T10,264300.066666667,1714843.2,15.4124917465729,1.6376088692796926,cue,3.9123711317120997,1.2231297656972242,1034.0399509362499,1774.2024828077176
spring_20240604-2_T2,spring,20240604-2,T2,359559.466666667,1835925.33333333,19.5846454176786,0.8798310283187017,cue,1.4569937746919714,0.7392667319262413,523.8759045648986,1091.4281693781197
spring_20240604-2_T3,spring,20240604-2,T3,7557772.3,42741004,17.6827205556519,0.2890993370048951,cue,0.5522168920331517,0.23257858911020204,4173.529530200244,8182.866389123335
spring_20240604-2_T4,spring,20240604-2,T4,2797891.16666667,15728128,17.7890920436727,0.573284084169341,cue,1.0912255075862527,0.4612100555101649,3053.130208516925,5963.555247661246
spring_20240604-2_T5,spring,20240604-2,T5,314087.533333333,1880979.2,16.6980864718405,1.2105167307920195,cue,2.0681579910947683,1.0386002967053973,649.5826419665776,1627.374149905214
spring_20240604-2_T6,spring,20240604-2,T6,355526.266666667,1934112.6,18.3818804896192,1.2465764888382582,cue,2.3105593854711763,1.0069482473860956,821.4645522281946,1589.5547416976428
spring_20240604-2_T7,spring,20240604-2,T7,3008815.4,10736163,28.0250532708939,0.461448815231694,cue,0.5479077592510366,0.42778409407522133,1648.5533038140115,3305.636392670336
spring_20240604-2_T8,spring,20240604-2,T8,325327.3,1820215.83333333,17.8730068183306,2.1572082590825468,cue,4.188224010533763,1.7152054903518497,1362.5436091421209,2564.041019837358
spring_20240604-2_T9,spring,20240604-2,T9,765913.3,4231273.7,18.1012469129567,1.22532911089506,cue,2.350054104310304,0.9767426056359968,1799.9376942108497,3384.7651465638005
summer_20200623-1_T1,summer,20200623-1,T1,22173.5666666667,120736.2,18.3653010999739,22.108625910870227,cue,45.466774359746836,16.853759595666975,1008.1605523841373,1661.1509273158722
summer_20200623-1_T10,summer,20200623-1,T10,3740.6,6794.7,55.0517314966076,76.58109262379075,cue,66.1044016264679,89.412732172131,247.2701247239658,273.0754253269053
summer_20200623-1_T2,summer,20200623-1,T2,1513.93333333333,7831.83333333333,19.3305100976783,73.74138497363714,cue,168.72169004382084,50.981630964247906,255.43339061367513,322.09684626902185
summer_20200623-1_T3,summer,20200623-1,T3,28779.4333333333,465784.7,6.17869872783141,6.654773946264714,cue,32.31627697602811,4.964809151763679,930.0441388131358,2169.647747315594
summer_20200623-1_T4,summer,20200623-1,T4,255024.9,1416345.7,18.0058371342533,5.588947015743114,cue,12.289998443376229,4.117402744576184,3134.255624022178,4781.625449253406
summer_20200623-1_T5,summer,20200623-1,T5,25306.1333333333,118770.5,21.3067498523062,10.769475743076496,cue,21.18267689105503,7.950028438443494,536.0516457619574,743.0443729811099
summer_20200623-1_T6,summer,20200623-1,T6,14152.0333333333,106302.5,13.3129826046738,21.520041420080517,cue,68.20988272649602,14.34963616443955,965.3085340081291,1322.3256690499818
summer_20200623-1_T7,summer,20200623-1,T7,118078.4,428668.533333333,27.5453854944333,6.414142853280544,cue,9.063570911935457,5.406898280751469,1070.2119515678796,1679.32925793837
summer_20200623-1_T8,summer,20200623-1,T8,3165.33333333333,21527.2,14.703878504094,24.24945841576991,cue,50.64964419678754,19.698429395907304,160.3230070975648,361.6999341103971
summer_20200623-1_T9,summer,20200623-1,T9,249.566666666667,279.5,89.2903995229577,295.2348626174934,cue,280.3905772536449,418.9978520597361,69.97614172993464,12.542002371654768
summer_20200625-3_T1,summer,20200625-3,T1,6416,19530.1,32.8518543171822,38.19071726336353,cue,29.916993067838057,42.23859050197629,191.94742752324893,553.9210997019673
summer_20200625-3_T10,summer,20200625-3,T10,72153.4,234437.5,30.7772434017595,10.348268906844597,cue,14.074568100547323,8.691512907686898,1015.5279419860309,1410.494349862351
summer_20200625-3_T2,summer,20200625-3,T2,1196.9,5713.5,20.948630436685,116.59680671196868,cue,223.4148728654822,88.28999553118202,267.40526133269566,398.7705938161368
summer_20200625-3_T3,summer,20200625-3,T3,3979.9,18603.2,21.3936312032338,84.56563505611722,cue,152.2902312997124,66.13360394208112,606.0998915497252,967.0915305262348
summer_20200625-3_T4,summer,20200625-3,T4,33845.2666666667,154381.533333333,21.9231315662538,18.18767306435212,cue,31.831671136192877,14.356587483960201,1077.3513980500843,1730.4894573899558
summer_20200625-3_T5,summer,20200625-3,T5,7209.7,32457,22.2130819237761,35.706366432023785,cue,69.724201655858,25.99212425114596,502.6905766782392,656.2309586059573
summer_20200625-3_T6,summer,20200625-3,T6,112721.4,538938.033333333,20.9154657916454,8.272192355079577,cue,14.824693300859302,6.539254167442105,1671.0601834434822,2787.1388957581435
summer_20200625-3_T7,summer,20200625-3,T7,24422.3333333333,97808.4333333333,24.9695578397636,22.01192228256001,cue,35.79685574234941,17.424401758471625,874.2427432249049,1278.708889887375
summer_20200625-3_T8,summer,20200625-3,T8,46629.5666666667,255780.1,18.2303340512677,10.57481033600628,cue,22.376080880843812,7.943747804863469,1043.386955172032,1661.4390900526905
summer_20200625-3_T9,summer,20200625-3,T9,104656.366666667,210100.833333333,49.8124471979724,9.477275193256206,cue,7.962750055953621,10.980480653970288,833.352489530903,1157.830926301548
summer_20200625-7_T1,summer,20200625-7,T1,5416.2,60135,9.00673484659516,39.106690113964895,cue,130.49594547005827,30.0607591933367,706.7921398549294,1644.8886701483523
summer_20200625-7_T10,summer,20200625-7,T10,3735.86666666667,23423.5,15.9492247813805,50.34702644360232,cue,130.15121712789522,35.20362089607107,486.2275936941995,693.0759802075186
summer_20200625-7_T2,summer,20200625-7,T2,3925.73333333333,16951.2,23.1590290559567,107.21084796722576,cue,201.26395374240477,78.86426953790685,790.1086120050167,1027.2439140570211
summer_20200625-7_T3,summer,20200625-7,T3,900.3,2387.7,37.7057419273778,135.40386868610463,cue,138.6627147745148,133.43134002307085,124.83804211149572,198.46577515031558
summer_20200625-7_T4,summer,20200625-7,T4,1828.8,2567.6,71.2260476709768,80.41414785700425,cue,84.69776036311514,69.81064142606805,154.89526415206495,51.57610188557908
summer_20200625-7_T5,summer,20200625-7,T5,1980.9,10626.7,18.6407821807334,96.06579340440317,cue,224.23795282927057,66.69936917475174,444.19296075950217,576.6694060110688
summer_20200625-7_T6,summer,20200625-7,T6,6548.6,25153.5333333333,26.0345133751918,52.51998706564479,cue,81.82724607739824,42.2043620147065,535.8539036624502,785.2093416594803
summer_20200625-7_T7,summer,20200625-7,T7,230.1,230.1,100,276.6049765405237,cue,276.60497654052386,NA,63.64680510197454,0
summer_20200625-7_T8,summer,20200625-7,T8,5985.73333333333,41949.7,14.2688346599221,46.93423555829183,cue,128.65667190116696,33.332601571900916,770.1045295545451,1198.7725718451254
summer_20200625-7_T9,summer,20200625-7,T9,7863.66666666667,32877,23.9184434913972,58.52618590930802,cue,106.27081649434737,43.516276792414885,835.6782773060496,1088.4871368342713
summer_20200731-2_T1,summer,20200731-2,T1,9659.5,56703,17.0352538666384,19.27446517097125,cue,33.43770884773031,16.366308841283747,322.99154861465087,769.9284499749319
summer_20200731-2_T10,summer,20200731-2,T10,45672,142350.1,32.0842767233743,17.065228167238804,cue,24.257537909955275,13.667486894196125,1107.8902714234775,1321.3466647057824
summer_20200731-2_T2,summer,20200731-2,T2,26977.9,116644.5,23.1283086643605,28.83303876147748,cue,50.804233304944596,22.222587497860975,1370.591525677465,1992.6238641357013
summer_20200731-2_T3,summer,20200731-2,T3,356.8,403,88.5359801488834,316.80301357583176,cue,319.01520375725886,299.71839330022004,113.82462470058995,13.846989770470167
summer_20200731-2_T4,summer,20200731-2,T4,1838.76666666667,3219.33333333333,57.1163802029406,83.06110590491973,cue,56.75831041674275,118.09360723322217,104.365289250626,163.03609769261212
summer_20200731-2_T5,summer,20200731-2,T5,639.533333333333,2118.2,30.192301639757,178.42854842978048,cue,295.9260849969429,127.61006924633648,189.2545955583782,188.69275572558286
summer_20200731-2_T6,summer,20200731-2,T6,64321.5333333333,231198.333333333,27.820932965203,20.558514644173837,cue,31.475514517968964,16.350630916284032,2024.553356251358,2728.540965290548
summer_20200731-2_T7,summer,20200731-2,T7,33879.9,103792,32.6421111453677,22.4005435971228,cue,32.293759498235765,17.60622093469213,1094.109342424278,1230.8878786082894
summer_20200731-2_T8,summer,20200731-2,T8,41392.4,124442.6,33.2622429939586,21.758021162200805,cue,29.373032842996544,17.962682806649923,1215.8203246504497,1491.8043996288375
summer_20200731-2_T9,summer,20200731-2,T9,5531,10441.2,52.9728383710685,77.35533856402961,cue,73.81203061217123,81.34662940385861,408.2543413159191,399.42821969882664
summer_20200731-3_T1,summer,20200731-3,T1,7513.6,57010.8333333333,13.1792495578326,21.15979777676016,cue,31.25245435166725,19.627748825043213,234.818441016687,971.5192634012232
summer_20200731-3_T10,summer,20200731-3,T10,44852.6333333333,141571.833333333,31.6818905832257,17.113023747482487,cue,24.57821952064275,13.65110833901019,1102.3978681455653,1320.3242776623943
summer_20200731-3_T2,summer,20200731-3,T2,27356.5333333333,117351.033333333,23.3117106481948,28.643280883944232,cue,50.62741867884738,21.9605414010773,1384.9906666685108,1976.3279431192516
summer_20200731-3_T3,summer,20200731-3,T3,367.366666666667,440.1,83.4734530031054,329.8867720973242,cue,291.4874425037544,523.8368231746524,107.08277012779591,38.10039827223639
summer_20200731-3_T4,summer,20200731-3,T4,1954.83333333333,3397.53333333333,57.5368404528776,79.81872066145438,cue,55.26302461735356,113.09126044811124,108.03000262282333,163.1567614484901
summer_20200731-3_T5,summer,20200731-3,T5,655.3,2178.03333333333,30.0867755314427,179.6228108622777,cue,289.4610785926916,132.35451032131556,189.6838448017908,201.5406246832779
summer_20200731-3_T6,summer,20200731-3,T6,62794.5333333333,229463.5,27.3658047285661,20.50032087365036,cue,32.20610905139854,16.090024700214308,2022.3675883650137,2681.707790425862
summer_20200731-3_T7,summer,20200731-3,T7,33941.9,103958.433333333,32.6494916397676,22.43116619959164,cue,32.2439485630419,17.674225776443993,1094.4208777319118,1237.48801821725
summer_20200731-3_T8,summer,20200731-3,T8,41443.5,123987.6,33.425519971352,21.818353769349756,cue,29.305577170101362,18.059190570416618,1214.5256874490954,1490.679632363526
summer_20200731-3_T9,summer,20200731-3,T9,6147.46666666667,11138.4333333333,55.1914841404985,72.59728334821693,cue,67.26737374809522,79.16223234335334,413.5239378706238,395.0960628845985
summer_20200804-2_T1,summer,20200804-2,T1,8867.63333333333,99023.4333333333,8.95508571540137,29.6797678710953,cue,106.85149793042488,22.089234529201455,947.5199047644335,1991.4726103677801
summer_20200804-2_T10,summer,20200804-2,T10,13214.0666666667,52185.5,25.3213376640382,23.760392503898995,cue,31.053327820004608,21.28757266587984,410.3407440353955,829.6072189768248
summer_20200804-2_T2,summer,20200804-2,T2,31317.9333333333,195339.2,16.0325901474631,15.402851741486808,cue,35.610395897347956,11.544458658900874,1115.2440046867496,1893.5367322138889
summer_20200804-2_T3,summer,20200804-2,T3,5468.53333333333,96600.9333333333,5.66095289624531,19.559830353020622,cue,93.7910654888481,15.105476207680644,512.8995679946155,1376.5982999488358
summer_20200804-2_T4,summer,20200804-2,T4,8114.16666666667,66034.8333333333,12.2877067406344,25.845078630084966,cue,70.18668498697235,19.63321669972887,569.5064597651248,1137.1690000594294
summer_20200804-2_T5,summer,20200804-2,T5,84142.8333333333,350446.833333333,24.0101565572714,7.86127015070938,cue,11.72703065979946,6.639823825370851,986.7455863023961,1768.2116439915585
summer_20200804-2_T6,summer,20200804-2,T6,27159.1,54270.3333333333,50.044100214359,20.459576625148877,cue,16.980605753846977,23.944689848478525,461.17796972930546,649.1700735763993
summer_20200804-2_T7,summer,20200804-2,T7,33755.3,217623.033333333,15.5109041000715,9.676877586230406,cue,18.879722576143102,7.987376182931761,637.2906994744834,1468.6207540363152
summer_20200804-2_T8,summer,20200804-2,T8,11713.0333333333,35892.6,32.6335604925063,28.939721996631036,cue,36.023175297378984,25.508365026071697,421.94065303071,616.781212705569
summer_20200804-2_T9,summer,20200804-2,T9,34856.8333333333,155601.333333333,22.401371881989,13.96289577472141,cue,23.781233827786227,11.128512650637001,828.9385039961733,1343.7066957448394
summer_20200810-2_T1,summer,20200810-2,T1,820.9,1387.2,59.1767589388697,209.9607937568296,cue,188.2934501007959,241.36945066525013,154.57009318774334,136.68751991173116
summer_20200810-2_T2,summer,20200810-2,T2,7381.03333333333,36976.8333333333,19.9612369907284,67.6816248737808,cue,128.7880970304228,52.44199939075351,950.5892371181181,1552.062925568863
summer_20200810-2_T3,summer,20200810-2,T3,620.833333333333,5050.83333333333,12.2917010394324,174.9891505815529,cue,513.569977283129,127.53942975900323,318.8413608966093,564.9996738323841
summer_20200810-2_T4,summer,20200810-2,T4,62836.4333333334,327155.5,19.2069011015659,16.478811946591147,cue,35.09780368688412,12.05252878822089,2205.420801517316,3185.7131602756776
summer_20200810-2_T5,summer,20200810-2,T5,3918.33333333333,12141.0333333333,32.2734748003328,98.1124500691232,cue,125.89151959710897,84.87499107141025,493.28493762133866,697.9015890828849
summer_20200810-2_T6,summer,20200810-2,T6,14589.2333333333,44308.8333333333,32.9262411934415,43.86845178763989,cue,55.61636196154969,38.10144944890664,811.4000818081728,1132.3598370417262
summer_20200810-2_T7,summer,20200810-2,T7,493.633333333333,495.933333333333,99.5362279876328,189.860733431902,cue,183.31515321204535,1594.6940301834074,90.49047013057266,3.667796269421837
summer_20200810-2_T8,summer,20200810-2,T8,25122.2,85164.3333333333,29.4984989804026,29.854396525695257,cue,38.45361269506762,26.25640264278504,966.0393488480278,1576.4904283317853
summer_20200810-2_T9,summer,20200810-2,T9,1095.36666666667,3263.43333333333,33.5648550095503,197.55622861219223,cue,275.22316822590597,158.31676330291108,301.47028436904986,343.2412972915982
winter_20200625-3_T1,winter,20200625-3,T1,8389.4,29459.5,28.4777406269624,27.679950344006823,cue,37.3728049666626,23.820584011084428,313.53540998731916,501.9020871719501
winter_20200625-3_T2,winter,20200625-3,T2,1888.9,7740.7,24.402185848825,87.2435290354339,cue,155.02286116896818,65.36506762748547,292.82268246206394,382.50330274251945
winter_20200625-3_T3,winter,20200625-3,T3,1188.6,3611.5,32.9115326041811,191.4806062489589,cue,272.4212382174145,151.77362900775742,323.7998837452189,367.73232572289555
winter_20200625-3_T4,winter,20200625-3,T4,54787.8333333333,173505.033333333,31.5770858520723,19.988352954423416,cue,26.249026738366826,17.099060149092182,1438.1273021038514,2029.952543531806
winter_20200625-3_T5,winter,20200625-3,T5,4553.8,17802.0333333333,25.5802239819047,64.66035297644214,cue,102.07637170176987,51.79938791156057,464.8353814555197,686.2503775762005
winter_20200625-3_T6,winter,20200625-3,T6,438.7,710.7,61.7278739271141,320.82771776951694,cue,292.96291782774927,365.7699520873591,128.5228320510336,99.48942696776169
winter_20200625-3_T7,winter,20200625-3,T7,174,434.7,40.0276052449966,138.363536484657,cue,180.3517457484453,110.33918507729545,31.38120376022948,28.76542554965093
winter_20200625-3_T8,winter,20200625-3,T8,3093.16666666667,8772.5,35.2598081124727,107.69232225771444,cue,144.14217622102683,87.84043706857496,445.8557747476728,498.87512225812674
winter_20200625-3_T9,winter,20200625-3,T9,26571,210219.2,12.639663741466,18.52753960058163,cue,60.074652229948946,12.51632724089112,1596.2435844019735,2298.600968400621
winter_20200804-2_T1,winter,20200804-2,T1,8858.36666666667,45402.5,19.5107464713764,19.066663634901424,cue,37.930669761257924,14.493993062985304,336.0037806574685,529.6704150261436
winter_20200804-2_T10,winter,20200804-2,T10,1513.9,3720.93333333333,40.6860285949762,116.76247246264504,cue,144.04241001800162,98.04997870856111,218.06580452625266,216.399571342418
winter_20200804-2_T2,winter,20200804-2,T2,10171,33346.8333333333,30.5006472378687,28.155813796138172,cue,37.44315161375939,24.079951168701836,380.83429506354673,558.0729349606391
winter_20200804-2_T3,winter,20200804-2,T3,1414.76666666667,4463.43333333333,31.6968253138466,96.69258188487532,cue,165.29273567121916,64.85794021470495,233.85065266978515,197.7302404012305
winter_20200804-2_T4,winter,20200804-2,T4,288.1,513.333333333333,56.1233766233766,111.53127820436872,cue,138.63513456079704,76.86224897710638,39.94078226696562,17.31194054461026
winter_20200804-2_T5,winter,20200804-2,T5,7820.63333333333,39040.5,20.0321034139761,25.90750480414482,cue,42.32741181385115,21.79428825964723,331.02716774513135,680.4147735610852
winter_20200804-2_T6,winter,20200804-2,T6,18137.3333333333,78156.5,23.2064298341575,40.18490836622572,cue,74.80601659860342,29.722674129161785,1356.7816583877363,1783.9301323371835
winter_20200804-2_T7,winter,20200804-2,T7,77.5,203.5,38.0835380835381,243.25587111746097,cue,348.11174762433336,178.7611851707741,26.97866044088583,22.523909331517533
winter_20200804-2_T8,winter,20200804-2,T8,332.133333333333,2933,11.3240140925105,180.78393859948213,cue,661.7098445151556,119.36920855380801,219.77589635830032,310.4633955539808
winter_20200804-2_T9,winter,20200804-2,T9,933.8,5597,16.6839378238342,79.49965871733625,cue,211.4290892701029,53.08095434047631,197.43248356042204,247.52710628050912
winter_20201031-1_T1,winter,20201031-1,T1,109013.9,958238.433333333,11.3764900475536,5.7946442738644715,cue,18.291695060140963,4.1904133652699755,1994.0490161167006,3558.601834595158
winter_20201031-1_T10,winter,20201031-1,T10,119347.433333333,740481.5,16.1175442375445,2.6487530176174356,cue,5.253038256304702,2.1483541897553486,626.9366330917751,1334.4159745231113
winter_20201031-1_T2,winter,20201031-1,T2,689862.033333333,2248664,30.6787511755128,2.663977270664728,cue,3.4606448601792508,2.3114047598867886,2387.367499887807,3603.022285474219
winter_20201031-1_T3,winter,20201031-1,T3,256208.166666667,1745067.6,14.6818476640485,1.7984485951878482,cue,4.091932620828876,1.4037777993201677,1048.3865549060947,2090.027818821739
winter_20201031-1_T4,winter,20201031-1,T4,696973.433333334,4554841.53333333,15.3018151835301,1.0479419452962886,cue,2.2283880239972813,0.8346791962828866,1553.1272518842682,3220.0822450733876
winter_20201031-1_T5,winter,20201031-1,T5,550229.033333333,2311825.1,23.8006341108302,2.0408382019124764,cue,3.240069253059426,1.6662621259880506,1782.7801730439435,2935.280807176189
winter_20201031-1_T6,winter,20201031-1,T6,1544689.3,12592710.9333333,12.2665350469624,0.42627652111914416,cue,1.0287334849235883,0.3420434469467098,1589.0736067131782,3778.9034014071535
winter_20201031-1_T7,winter,20201031-1,T7,65753.5,713841.333333333,9.21122060738054,2.209266662432673,cue,5.749122520112417,1.8501210340680772,378.02492762621193,1199.0409323736058
winter_20201031-1_T8,winter,20201031-1,T8,2428310.86666667,12000612.0333333,20.2348918531963,0.5384997378411807,cue,0.9127232653345263,0.44356634172751863,2216.3758234713137,4245.950610412391
winter_20201031-1_T9,winter,20201031-1,T9,733633.1,6904416.03333333,10.6255633562367,0.4280770437080025,cue,1.2379924451821138,0.33178768251340446,908.2322353355346,2047.3897687439348
winter_20201101-1_T1,winter,20201101-1,T1,6011.26666666667,31213.2,19.2587324166272,25.06573543273753,cue,35.85878969473703,22.491332649484857,215.55674719898286,566.8250660101405
winter_20201101-1_T10,winter,20201101-1,T10,753747.633333333,3412219.53333333,22.0896582406294,2.163358935114354,cue,3.478550089606469,1.7904671922754058,2621.948897472331,4759.906718536064
winter_20201101-1_T2,winter,20201101-1,T2,1749.96666666667,4851,36.0743489314918,66.13891728832621,cue,48.27748649941682,76.21843115990622,84.48399212442946,236.3558956412412
winter_20201101-1_T3,winter,20201101-1,T3,4133.13333333333,14836.5333333333,27.8578104498805,45.95561156739094,cue,58.63613819417196,41.05900793813563,242.350977308272,439.47098556504085
winter_20201101-1_T4,winter,20201101-1,T4,4334.56666666666,14275.8333333333,30.3629677193392,48.15820109141308,cue,69.67914862582242,38.77469042365096,302.02891499520223,385.46953741896067
winter_20201101-1_T5,winter,20201101-1,T5,59850.9333333333,175122.033333333,34.1767007806556,14.892271302040642,cue,18.099400028613555,13.22706946389097,1083.265984485881,1524.6988468791224
winter_20201101-1_T6,winter,20201101-1,T6,579.366666666667,4258.83333333333,13.6038821273432,131.8907073619509,cue,289.2803512344947,107.10822620391428,167.5993928268918,394.10114804309586
winter_20201101-1_T7,winter,20201101-1,T7,276001.366666667,616816.2,44.7461280470044,6.978332159234988,cue,6.418097163087276,7.432026099369446,1771.403588411544,2532.944736385581
winter_20201101-1_T8,winter,20201101-1,T8,956.233333333333,11247.7,8.50158995468703,73.15440641136543,cue,244.2408884592074,57.257877537908925,233.55127890764274,589.2675380854716
winter_20201101-1_T9,winter,20201101-1,T9,5953.1,7809,76.2338327570751,16.446184997652953,cue,8.532030350894187,41.83211852188354,50.79202988190818,77.63622876476366
winter_20201101-3_T1,winter,20201101-3,T1,39287,113926.833333333,34.4844132418321,22.901538337275134,cue,29.60727825606546,19.371943047143883,1163.181140846044,1445.9186003816446
winter_20201101-3_T10,winter,20201101-3,T10,108401.2,235564,46.0177276663667,5.622116479577856,cue,4.976287122069246,6.172660171201207,539.4354955768529,784.9327508184248
winter_20201101-3_T2,winter,20201101-3,T2,794.7,3611.5,22.00470718538,127.14630953797038,cue,342.05225460283214,66.51518395466805,271.8289267328707,187.35997016350893
winter_20201101-3_T3,winter,20201101-3,T3,1196748.86666667,20589112.6,5.81253252588782,0.30663293977603867,cue,1.6463177820365615,0.22395780338150217,1970.2289398254356,4343.07118409244
winter_20201101-3_T4,winter,20201101-3,T4,376074.333333333,8624904.2,4.36033055686964,0.4835265802742134,cue,3.1531411476961324,0.36181555762878476,1185.8154550257243,2984.554977992975
winter_20201101-3_T5,winter,20201101-3,T5,51417.4,178487.6,28.8072672835536,17.08651611681803,cue,24.18987035595166,14.212230829982625,1243.780240040109,1805.9510140120583
winter_20201101-3_T6,winter,20201101-3,T6,552.033333333333,3322.7,16.6139986557117,60.979818624559634,cue,72.29339011512472,58.72567933852431,39.908361123219336,162.7092822206047
winter_20201101-3_T7,winter,20201101-3,T7,730.866666666667,1088,67.1752450980392,113.6029303300022,cue,99.16121294553069,143.15763402348009,72.47362516812352,51.12636303091885
winter_20201101-3_T8,winter,20201101-3,T8,102198.133333333,409778.7,24.9398354119756,9.11189792451782,cue,15.340458207418607,7.042367846057315,1567.7661932761944,2166.095492765421
winter_20201101-3_T9,winter,20201101-3,T9,124275.866666667,457364.7,27.172159693712,8.977146415839002,cue,12.945125894302645,7.4966882339577445,1608.76673962357,2497.0631377127115
winter_20201103-1_T1,winter,20201103-1,T1,230452.933333333,895848.2,25.7245516967421,3.767578018288534,cue,5.777295821024766,3.0715325457486635,1331.3947686895658,2043.7832173537781
winter_20201103-1_T10,winter,20201103-1,T10,244637.533333333,805852.7,30.3575992651428,3.647390944656797,cue,4.72574155566671,3.1773305307288786,1156.093757349133,1783.1660833580952
winter_20201103-1_T2,winter,20201103-1,T2,11982.4,26481,45.2490464861599,17.068425507376308,cue,16.869592110720664,17.23275180730089,202.13820050749928,249.85077535333264
winter_20201103-1_T3,winter,20201103-1,T3,6675.93333333333,30262.6,22.0600124686356,21.245934847352903,cue,36.21058202976491,17.010364456738003,241.73943159190847,401.21779631959373
winter_20201103-1_T4,winter,20201103-1,T4,6390.93333333333,9843.2,64.9273948851322,27.257272802621397,cue,23.04123544071211,35.06211996896766,147.25499961922839,121.04378803153475
winter_20201103-1_T5,winter,20201103-1,T5,24746.3666666667,225890.7,10.9550179209089,7.128732217465399,cue,23.024702306965782,5.173084261401643,569.7777256790212,1040.5365850367925
winter_20201103-1_T6,winter,20201103-1,T6,42172.4,91221,46.2310213656943,4.504877725083762,cue,1.6474989238187754,6.961676120113753,69.47898361485493,341.46046734501135
winter_20201103-1_T7,winter,20201103-1,T7,45739.3666666667,149850.033333333,30.5234277558831,23.492779363553833,cue,31.994286009104275,19.757777541646984,1463.3983790086243,2056.995391712562
winter_20201103-1_T8,winter,20201103-1,T8,67584.3666666667,318063.2,21.2487224761201,7.747533949151888,cue,14.097696325709451,6.034128881191497,952.7838776320674,1511.4215623438186
winter_20201103-1_T9,winter,20201103-1,T9,3286.36666666667,6396.33333333333,51.3789150033874,17.580591942167793,cue,19.064462051296356,16.012555436641517,62.65281260331198,49.79851365610722
winter_20201103-2_T1,winter,20201103-2,T1,46492.4333333333,214024.533333333,21.7229457806706,9.708760015709712,cue,13.70841217838122,8.598802213416722,637.3374393092438,1440.5753922983517
winter_20201103-2_T10,winter,20201103-2,T10,3547.73333333333,17255.1,20.5604912943613,72.23980248052837,cue,144.1155905181244,53.63694933728563,511.2836843341673,735.2213314475979
winter_20201103-2_T2,winter,20201103-2,T2,5788.33333333333,25071.7,23.08711947468,28.693264656380183,cue,46.211854651906094,23.434668469471152,267.4896186767831,451.8993048085844
winter_20201103-2_T3,winter,20201103-2,T3,10943.6666666667,41212.6,26.5541767970637,50.01959994203227,cue,83.97073709843374,37.7446405339063,918.9477565595591,1142.4900080114408
winter_20201103-2_T4,winter,20201103-2,T4,107442.1,599700.033333333,17.9159736581639,10.948933932021813,cue,24.80547225661202,7.9245528595966634,2665.152030742134,3900.9240132558107
winter_20201103-2_T5,winter,20201103-2,T5,19541.0333333333,85541.5,22.8439217611725,28.95240114901879,cue,49.58218413719053,22.844455290586087,968.8871129643114,1507.744709924484
winter_20201103-2_T6,winter,20201103-2,T6,2867.2,12513.7,22.9124879132471,98.71850557159426,cue,195.24941461400732,70.02691562639058,559.819121581282,675.5146415899767
winter_20201103-2_T7,winter,20201103-2,T7,671.033333333333,3565.1,18.8222864248782,173.28877282902442,cue,411.1908646879952,118.12755780042635,275.92277656780107,341.86902744495393
winter_20201103-2_T8,winter,20201103-2,T8,9269.66666666667,25441,36.4359367425285,71.62512334679039,cue,83.57674322624946,64.7742638582327,774.7285507929238,1047.4862122727673
winter_20201103-2_T9,winter,20201103-2,T9,1567.1,5870.7,26.6935799819442,183.9320730268133,cue,309.1454376624904,138.3372538706256,484.46181536088875,595.3482057576243
winter_20201103-3_T1,winter,20201103-3,T1,514350.933333333,3173310.03333333,16.2086568261672,3.480162614159128,cue,8.53329594288148,2.5026809207076828,4389.108732630637,6654.526208512073
winter_20201103-3_T10,winter,20201103-3,T10,631.5,1606.83333333333,39.300902396017,182.25485621722845,cue,202.09303043318818,169.4102147093211,127.62174871855834,165.23142941315785
winter_20201103-3_T2,winter,20201103-3,T2,1666.9,3800.1,43.8646351411805,51.52062806917665,cue,48.82335661189645,53.6282981386219,81.38365313637019,114.39988558930821
winter_20201103-3_T3,winter,20201103-3,T3,3176.46666666667,8967.03333333333,35.4238302522945,86.22635316282238,cue,112.44210839870821,71.84546827850744,357.16860925821675,416.02597376458255
winter_20201103-3_T4,winter,20201103-3,T4,9416.86666666667,39347.2,23.9327491325092,33.295974503792095,cue,56.952662586379176,25.852960923968563,536.315629887588,773.7877381080204
winter_20201103-3_T5,winter,20201103-3,T5,1407.3,4995.93333333333,28.1689107140474,107.19330434310248,cue,178.1016878227182,79.38623719473682,250.64250527291134,284.8880970049389
winter_20201103-3_T6,winter,20201103-3,T6,3464.63333333333,12862.7,26.9355060238778,77.04914900944087,cue,123.625156173635,59.87872527463313,428.3158369177149,562.7442520460204
winter_20201103-3_T7,winter,20201103-3,T7,4746.66666666667,16384.5333333333,28.9704111194297,71.14882341283341,cue,109.6126341150653,55.4608203309459,520.2946365995101,645.4456322355043
winter_20201103-3_T8,winter,20201103-3,T8,1111.06666666667,4463.43333333333,24.8926461692419,127.49505812554364,cue,226.02321896965682,94.84011129936121,251.1268644898867,317.93882778293516
winter_20201103-3_T9,winter,20201103-3,T9,733.033333333333,2633.43333333333,27.8356518106907,236.12058177967128,cue,405.19618154417054,170.9037587525693,297.02230761126185,324.7855031333827
winter_20201103-4_T1,winter,20201103-4,T1,5337.76666666667,34488.0333333333,15.4771558443943,36.08825796860697,cue,91.60285243636208,25.92286376305932,488.95465230639894,755.6583914568492
winter_20201103-4_T10,winter,20201103-4,T10,7784.3,45018.2,17.2914510131458,36.99047365216719,cue,81.21792967662263,27.744066858058467,632.2247299817334,1033.0198109862629
winter_20201103-4_T2,winter,20201103-4,T2,26931.4333333333,266466.7,10.1068663864315,7.770517153922873,cue,26.414385293438528,5.674349441910971,711.3772565712202,1359.206806727996
winter_20201103-4_T3,winter,20201103-4,T3,30855.2,214024.533333333,14.4166650053826,9.238932976531435,cue,24.82967337313295,6.6126450257542535,766.1245378626921,1211.2337809373894
winter_20201103-4_T4,winter,20201103-4,T4,780518.8,9831377.6,7.93905830653884,0.8164408608807732,cue,3.7128467138403876,0.5666635446480838,2897.946661670641,5128.791729717305
winter_20201103-4_T5,winter,20201103-4,T5,11665.4666666667,239085.933333333,4.8791940638359,6.053809245345198,cue,45.836381381278414,4.013173782899312,534.7027791239241,912.6778545213934
winter_20201103-4_T6,winter,20201103-4,T6,7331.96666666667,18744.3333333333,39.1156438390269,53.4036849000916,cue,54.642384554157815,52.6078723540266,400.6361421382666,600.380328857348
winter_20201103-4_T7,winter,20201103-4,T7,2426.23333333333,12833.4333333333,18.905566969608,26.003456096079333,cue,33.90488867636001,24.161392994825995,82.26117106954052,251.45244917575315
winter_20201103-4_T8,winter,20201103-4,T8,232325.966666667,780330.1,29.7727803485559,6.688567200153498,cue,9.65641802332362,5.43034893230687,2243.436651806083,2975.8536603464186
winter_20201103-4_T9,winter,20201103-4,T9,156642.366666667,580658.433333333,26.9766798645193,6.2211502761622945,cue,9.82417112506068,4.8901023341406455,1538.8814155678335,2073.481957319802
winter_20201103-5_T1,winter,20201103-5,T1,498809.433333334,3046281.33333333,16.374371857097,2.411592256654836,cue,4.112085777523133,2.07862598937969,2051.1471765043743,5295.241298554458
winter_20201103-5_T10,winter,20201103-5,T10,240962.933333333,773275.533333333,31.1613290407136,2.4267453233752136,cue,2.838571366108535,2.2403232637056156,683.9904828535198,1192.5523013436218
winter_20201103-5_T2,winter,20201103-5,T2,21295.5333333333,94923.0333333333,22.4345267797665,11.03372130515281,cue,12.445000116706487,10.625532313620184,265.0229148186601,782.3313804210701
winter_20201103-5_T3,winter,20201103-5,T3,28637.8666666667,142447.533333333,20.1041506276229,7.110063765733569,cue,11.479892706870354,6.0104860036885865,328.7596366869923,684.0514085844635
winter_20201103-5_T4,winter,20201103-5,T4,169326.033333333,1193283.03333333,14.189930519697,2.651207370268989,cue,5.965489535338814,2.10314309378209,1010.1126799104311,2153.5280928798275
winter_20201103-5_T5,winter,20201103-5,T5,688262.9,1700335,40.4780763790665,2.1735659231966933,cue,2.065986159133685,2.246725889166829,1421.9416252452113,2273.84858877344
winter_20201103-5_T6,winter,20201103-5,T6,75070,94684.5333333333,79.2843322527861,5.870599509232165,cue,4.595289866793599,10.751546367915017,344.96841030019544,210.88656461834805
winter_20201103-5_T7,winter,20201103-5,T7,133509.666666667,188440.1,70.8499234858539,5.432635177366506,cue,3.295376057969264,10.627292042340926,439.9645590407904,583.7617570456722
winter_20201103-5_T8,winter,20201103-5,T8,256502.866666667,1416038.43333333,18.1141175711497,2.966809784837163,cue,5.920003716653551,2.3135286513303015,1518.4979239989568,2682.6187557198496
winter_20201103-5_T9,winter,20201103-5,T9,652032.933333333,2725335.93333333,23.9248646509364,1.1677287720996528,cue,1.6073316426240456,1.02947809230525,1048.0331657796412,2134.4200172107517
winter_20201104-1_T1,winter,20201104-1,T1,235238,785356,29.9530404046063,4.221847361703329,cue,5.7011501214083085,3.5892772175024845,1341.1271522598481,1974.5260043380335
winter_20201104-1_T10,winter,20201104-1,T10,19750.2,129131.2,15.2946770416445,14.244772692339108,cue,33.20669774941775,10.820943944546416,655.8389218905504,1183.6056695984314
winter_20201104-1_T2,winter,20201104-1,T2,14636.9,75083.4333333333,19.4941804738995,39.10964141874805,cue,87.32240694572052,27.43510213871627,1278.1293382238166,1658.356815931318
winter_20201104-1_T3,winter,20201104-1,T3,35261.9666666667,114363,30.8333697670284,26.70491146769427,cue,38.30349957227194,21.534447696373864,1350.656725134134,1703.3970650457923
winter_20201104-1_T4,winter,20201104-1,T4,712783.2,4618432.7,15.4334434709853,2.593800323791948,cue,6.288557051740532,1.9195051716620093,4482.377818722184,7496.914413949139
winter_20201104-1_T5,winter,20201104-1,T5,17251.2,49795.2,34.6443030653557,36.11084004211425,cue,35.55080344248556,36.40770900067854,613.294020347007,1184.8524817180823
winter_20201104-1_T6,winter,20201104-1,T6,25516.6,61024.7,41.8135607385206,34.29283259130469,cue,36.36945475883075,32.80054386845287,928.0248292991809,1164.6849917354114
winter_20201104-1_T7,winter,20201104-1,T7,7535,20627.6,36.52872849968,55.31736319464349,cue,67.34728834425928,48.39394951039782,507.4618176739938,633.6026233598344
winter_20201104-1_T8,winter,20201104-1,T8,24385.0666666667,54511.2,44.7340485380374,53.41332372071557,cue,56.04214643132133,51.28546959673337,1366.5914768708662,1545.0328951338026
winter_20201104-1_T9,winter,20201104-1,T9,16311.5666666667,41896.8333333333,38.9326957884645,31.950172573698104,cue,31.514392374067672,32.22799878793668,514.0491121690962,824.5619431223702
winter_20201106-1_T1,winter,20201106-1,T1,274249.833333333,936125.5,29.2962677903052,3.647281769753521,cue,5.074985675919034,3.055709095255379,1391.813975789849,2022.49949456155
winter_20201106-1_T10,winter,20201106-1,T10,73651.5333333333,429006.7,17.1679214644744,3.139154234847062,cue,6.7696255072369445,2.386696409504814,498.59329870044536,848.124900382318
winter_20201106-1_T2,winter,20201106-1,T2,924133.4,3532498.7,26.1608985163958,1.4725475237376051,cue,2.14942957628056,1.2327309180591404,1986.3596623887142,3215.4125509026053
winter_20201106-1_T3,winter,20201106-1,T3,238864.533333333,1538721.2,15.5235745977461,1.2733792912512805,cue,2.6113992009620075,1.0275017960476331,623.7706514848295,1335.6050596044895
winter_20201106-1_T4,winter,20201106-1,T4,554369.6,2906420.5,19.0739640048644,0.9533790629272016,cue,1.7432099612863672,0.767218874305856,966.3826089543387,1804.537843808075
winter_20201106-1_T5,winter,20201106-1,T5,61375.8666666667,223077.033333333,27.5133059416994,4.606578838540731,cue,7.2236508625638045,3.6132337259812104,443.3578321872678,584.2641089305088
winter_20201106-1_T6,winter,20201106-1,T6,32712.8,186316.533333333,17.5576474157956,5.087743620778453,cue,11.090699034843814,3.809301517791987,362.8078193870387,585.1229345251822
winter_20201106-1_T7,winter,20201106-1,T7,245456.933333333,1571239.83333333,15.6218629470846,0.8385753293042716,cue,1.6090683093435536,0.6959253946616495,394.95697273532005,922.6459879181663
winter_20201106-1_T8,winter,20201106-1,T8,223737.933333333,1138366,19.6543056743906,1.168592082382549,cue,2.219750685325252,0.9114558080879333,496.6424308499222,833.6430636035706
winter_20201106-1_T9,winter,20201106-1,T9,188858.966666667,822861.7,22.9514834226294,2.1060690906223245,cue,3.239075504526888,1.7685651504867508,611.7284527402599,1121.2751394866782
winter_20201106-2_T1,winter,20201106-2,T1,8185.83333333333,67435.5333333333,12.138753752967,17.60905688924502,cue,54.70156558729382,12.484421758308589,447.7778989699892,739.6982438532565
winter_20201106-2_T10,winter,20201106-2,T10,54033.5666666667,237195.933333333,22.7801404127502,7.281592278554161,cue,13.242601081067535,5.523072925518237,715.5449683539348,1011.6191083105106
winter_20201106-2_T2,winter,20201106-2,T2,12830.5,52836.3333333333,24.2834791715297,24.371194981798304,cue,43.03138752786643,18.386577726923115,552.1142176762902,735.5703641136649
winter_20201106-2_T3,winter,20201106-2,T3,152795.8,572424.333333333,26.6927506575833,8.632174824007825,cue,13.68387622511352,6.792741383169984,2090.8388149172,2850.4281039322586
winter_20201106-2_T4,winter,20201106-2,T4,201096.8,943635,21.3108670195573,4.036443075589078,cue,7.912313535114501,2.9867662419593857,1591.1409325082138,2217.7880291252864
winter_20201106-2_T5,winter,20201106-2,T5,171133.5,634173.2,26.9852936074877,4.866495915426921,cue,7.775367753200391,3.7914144080537704,1330.6258973923188,1755.5753900808959
winter_20201106-2_T6,winter,20201106-2,T6,1155345.86666667,4482393.33333333,25.7752004509496,1.342996458942,cue,1.9481947997649292,1.1328361265185407,2250.838809369904,3768.999564881991
winter_20201106-2_T7,winter,20201106-2,T7,249277.3,1225367.5,20.3430644276105,2.3406476880618916,cue,4.456371876303512,1.800326708310678,1110.8723491208734,1757.281256780311
winter_20201106-2_T8,winter,20201106-2,T8,243306.066666667,842179.533333333,28.8900474348581,4.395884013971695,cue,6.515141293318069,3.5348871897803322,1585.1734018547988,2116.950145619339
winter_20201106-2_T9,winter,20201106-2,T9,6317.2,145878.7,4.33044714547086,6.945283233691923,cue,52.033282031326216,4.904391540750709,328.70464924829395,684.46424001448
winter_20210215-1_T1,winter,20210215-1,T1,2137.3,7227.03333333333,29.5736839920484,94.9486609511626,cue,133.98938577160118,78.55453267488288,286.37551420964326,399.82162343977393
winter_20210215-1_T10,winter,20210215-1,T10,23057.3333333333,103293.5,22.3221532171272,8.066464668866658,cue,12.880202953909757,6.6831487300734596,296.9831329092819,536.2302353642958
winter_20210215-1_T2,winter,20210215-1,T2,18369.9,324649.7,5.65837578165019,8.522930390364628,cue,45.890618064834804,6.2817095008014014,843.0060647892091,1923.9607295635533
winter_20210215-1_T3,winter,20210215-1,T3,122119.3,791546.2,15.4279434352663,6.488032435769599,cue,16.402315856906945,4.679432644827673,2003.039330824376,3132.5380891857913
winter_20210215-1_T4,winter,20210215-1,T4,66906.2666666667,98293.5333333333,68.0678213487086,6.794717254269337,cue,7.566638435898055,5.149261312782469,506.2555289624448,161.62123796065342
winter_20210215-1_T5,winter,20210215-1,T5,211860.033333333,1300806.5,16.2868215475041,3.592716915535039,cue,7.8549400864380985,2.7634798770736864,1664.1478685441114,3009.2816478438235
winter_20210215-1_T6,winter,20210215-1,T6,65811.6333333334,428161.533333333,15.3707487034099,4.762610877844423,cue,10.620606486868308,3.6986551293003918,698.9594598913989,1340.2073162364834
winter_20210215-1_T7,winter,20210215-1,T7,56248.9,282426.2,19.9163179620021,3.974130767138478,cue,6.359409353428116,3.380926689309501,357.70978078004276,764.688870085962
winter_20210215-1_T8,winter,20210215-1,T8,54378.6333333333,280918.833333333,19.3574181866292,4.933759918221844,cue,10.004147771411635,3.7166657251099995,544.0118834740772,841.9741966995643
winter_20210215-1_T9,winter,20210215-1,T9,450470.333333333,3009888.03333333,14.9663485267409,2.449129301817122,cue,6.430061865820093,1.7484652331565276,2896.5521120499334,4475.052865575443
winter_20210302-1_T10,winter,20210302-1,T10,71331.8,494950.833333333,14.4118961310972,4.241166274401709,cue,10.29243239809192,3.2222136992887753,734.1777293342133,1364.9910524861352
winter_20210302-1_T2,winter,20210302-1,T2,217152.766666667,954198.7,22.7576045394598,2.875176846267502,cue,4.997844745654578,2.249784063782725,1085.2958138893543,1658.194195089197
winter_20210302-1_T3,winter,20210302-1,T3,376888.633333333,1901930.1,19.8161138168713,2.321682162824733,cue,4.437579591400891,1.7987733058789561,1672.4733075109737,2743.203880598492
winter_20210302-1_T4,winter,20210302-1,T4,1488036.66666667,4456192.53333333,33.392557784158,1.7547447498546809,cue,2.146147132475519,1.5585215314916272,3193.5456251850956,4625.934827023191
winter_20210302-1_T5,winter,20210302-1,T5,23858.9666666667,513282.5,4.64831095287033,2.481900162484398,cue,11.787400259149429,2.028265219532477,281.2351898697043,992.6807302806935
winter_20210302-1_T6,winter,20210302-1,T6,127428.433333333,1025864.5,12.4215657460935,1.5304528453162003,cue,3.778951459375792,1.2115401631875455,481.5458641109709,1088.49137882291
winter_20210302-1_T7,winter,20210302-1,T7,22650.3333333333,233438.433333333,9.70291524403365,2.6847060022438,cue,2.0972485242846295,2.747831518793045,47.503378157888285,579.2101849665003
winter_20210302-1_T8,winter,20210302-1,T8,340933.3,2023088.43333333,16.8521204700015,1.775021890009764,cue,4.038311619347877,1.3163062692035472,1376.7949068126156,2214.2313477795956
winter_20210302-1_T9,winter,20210302-1,T9,16265.9,87287.2,18.6349201257458,5.210464750758565,cue,9.772975994468485,4.1655197604660605,158.9662502284249,295.8406285639883
spring_20200804-3_T1S1,spring,20200804-3,T1S1,288196.599816,1231083.831184,23.409989841132564,0.36752331689327,foraging,0.38983672262117125,0.36070315065582303,112.34961794283467,340.1023950675836
spring_20200804-3_T1S2,spring,20200804-3,T1S2,228398.99962,995752.831132,22.937318627590496,0.7072162066510506,foraging,1.138596405664759,0.5788180650577918,260.05428002475867,444.1582599704586
spring_20200804-3_T2S1,spring,20200804-3,T2S1,8969.333226,52347.332521,17.134269874022337,0.8500013168740226,foraging,0.3350016470072322,0.9564885621455597,3.004741403266691,41.49056017442565
spring_20201031-1_T1S1,spring,20201031-1,T1S1,72528.966271,590724.997813,12.277957855096524,0.4763547371909408,foraging,0.6737888660104482,0.44872099938078597,48.86920993664714,232.52544114868354
spring_20201031-1_T1S2,spring,20201031-1,T1S2,74624.532929,439340.631149,16.985575118293916,0.7211483668102939,foraging,0.7693413873746336,0.7112875965629599,57.41174169578089,259.4180369307242
spring_20201031-1_T2S1,spring,20201031-1,T2S1,151756.365994,425287.498195,35.68324172191341,0.4291978627254983,foraging,0.17758298340353382,0.5687949879545972,26.949348223693104,155.58313704547513
spring_20201031-1_T2S2,spring,20201031-1,T2S2,106697.899067,164350.298266,64.921025512415,1.5764356169826448,foraging,1.119222973825071,2.4226038446637794,119.41873989465502,139.6689239535884
spring_20201101-3_T1S1,spring,20201101-3,T1S1,12098.766466,34004.799435,35.57958484397689,3.8511502045120016,foraging,4.761974032257644,3.3480995244022216,57.61401173344158,73.34357856504828
spring_20201101-3_T1S2,spring,20201101-3,T1S2,71402.066121,226734.697929,31.49145974268082,1.706064264279965,foraging,2.0314801896689354,1.556479665403344,145.05188282624292,241.77208278273665
spring_20201101-3_T2S1,spring,20201101-3,T2S1,130859.532248,199040.364732,65.74522329890081,2.0693472778136126,foraging,1.4955355824461576,3.170664573577611,195.7050867791444,216.17855015404837
spring_20201101-3_T2S2,spring,20201101-3,T2S2,898643.265501,1572858.497792,57.13439999609168,0.7784240349225543,foraging,0.6216929638065025,0.9873266446642572,558.6801951340705,665.6706630794058
spring_20201103-1_T1S1,spring,20201103-1,T1S1,5165052.051117,9869721.067796,52.332300129231555,0.24007581417603105,foraging,0.21849281077307572,0.26377085746185824,1128.5267404377933,1240.9545806036574
spring_20201103-1_T1S2,spring,20201103-1,T1S2,11594757.103842,20126508.514816,57.60938165358682,0.21091527860085796,foraging,0.1759418095882168,0.2584446613438585,2040.0025465857932,2204.985604079163
spring_20201103-1_T2S2,spring,20201103-1,T2S2,2460105.41606,4334843.439324,56.751886209842986,0.5105579937580181,foraging,0.4370207264911814,0.6070565056783263,1075.1170561714314,1138.0719134649366
spring_20201103-4_T1S1,spring,20201103-4,T1S1,1033624.599079,3654302.531136,28.285140331763408,0.5799820378501643,foraging,0.8909581895527942,0.4573295759833737,920.9163014726583,1198.5135274566126
spring_20201103-4_T1S2,spring,20201103-4,T1S2,544675.265652,1458942.43109,37.33356807266645,1.0604000373947282,foraging,1.0771669281085272,1.050411151214701,586.7061827190608,960.356425765531
spring_20201103-4_T2S1,spring,20201103-4,T2S1,130124.099149,538925.931137,24.1450803590895,1.8564223894191592,foraging,2.980408952103213,1.49865065876523,387.8230299880456,612.6511348132491
spring_20201103-4_T2S2,spring,20201103-4,T2S2,110797.732626,545654.597821,20.305470359538106,1.545737884321188,foraging,2.874847202854499,1.2070924340773637,318.52655172247677,524.9124318834846
spring_20201103-5_T1S1,spring,20201103-5,T1S1,1704332.266368,12588475.164401,13.538830113338015,0.23324553828624803,foraging,0.6414462969857068,0.1693259691731748,1093.2376210950108,1842.9680448287652
spring_20201103-5_T1S2,spring,20201103-5,T1S2,3821226.232004,19500053.23091,19.595978466083793,0.16277171240579263,foraging,0.34759382857003074,0.11772707235774843,1328.234655814503,1845.8224005848263
spring_20201103-5_T2S1,spring,20201103-5,T2S1,25141.232931,105203.232002,23.897776192391163,7.295467244334666,foraging,14.197606408101676,5.128043367189694,356.94532976874245,410.56140329998897
spring_20201103-5_T2S2,spring,20201103-5,T2S2,187029.733199,1073477.1644600001,17.42279569524733,0.9090111992585336,foraging,1.721864203231094,0.7375090039769371,322.03980253522025,653.7629621072145
spring_20201106-1_T1S1,spring,20201106-1,T1S1,814730.26582,3231526.497802,25.211932081453092,0.363358456272254,foraging,0.6413601324489411,0.2696408409712364,522.5355111964761,651.666968447742
spring_20201106-1_T1S2,spring,20201106-1,T1S2,872175.199446,4798832.264411,18.17473817358043,0.2296125257474773,foraging,0.43923152701189094,0.1830526935006826,383.08684467456715,718.785152195328
spring_20201106-1_T2S1,spring,20201106-1,T2S1,1397381.700212,8755821.997792,15.959457610768984,0.1541758359592751,foraging,0.35831240129206066,0.11540991693238845,500.6991925245441,849.2369834956476
spring_20201106-1_T2S2,spring,20201106-1,T2S2,3745644.266249,16182945.497694,23.145627393868057,0.1384695126530074,foraging,0.19977619328447926,0.12000626146074277,748.2905529090617,1492.5540234468065
summer_20210802-1_T1S1,summer,20210802-1,T1S1,1818102.565586,6357109.331118,28.5995170271243,0.3559434464159561,foraging,0.48504690201605993,0.30423096040800546,881.8650169849398,1380.9063875762347
summer_20210802-1_T1S2,summer,20210802-1,T1S2,953862.365573,2865190.531122,33.29141134636762,0.4597880098861133,foraging,0.5916634013692759,0.39397462673803246,564.3654516530648,753.0148005960556
summer_20210802-1_T2S1,summer,20210802-1,T2S1,18043.933105,93733.532102,19.250243429816297,2.1964578873118716,foraging,2.263606133060562,2.180450160088274,40.84435764101251,165.03739825002592
summer_20210802-1_T2S2,summer,20210802-1,T2S2,796025.199899,2563936.031122,31.04699923229569,0.51807259288614,foraging,0.6150618037451644,0.47440191979642776,489.604695276484,838.7002923610896
summer_20210802-2_T1S1,summer,20210802-2,T1S1,3538979.231556,6893892.664429,51.33499176475971,0.2263325319635237,foraging,0.24219922672948813,0.20959531821011237,857.1380332945814,703.1741485303969
summer_20210802-2_T1S2,summer,20210802-2,T1S2,12236340.832041,16720922.664292,73.17981834921137,0.12669430303413012,foraging,0.09360166508237719,0.21698874121271297,1145.3418763945183,973.1037666455464
summer_20210802-2_T2S2,summer,20210802-2,T2S2,13531686.499073,18509214.997792,73.10783574931308,0.11094079717155636,foraging,0.08302565539552526,0.18682965389786987,1123.4771401923165,929.9499266824547
summer_20210802-4_T1S1,summer,20210802-4,T1S1,535908.565299,2787631.364483,19.22451340327744,0.4354762442391349,foraging,1.0928853210356604,0.279013310485371,585.6866044325577,628.260632495714
summer_20210802-4_T2S1,summer,20210802-4,T2S1,66342.665999,233438.431182,28.419770327909728,3.431545226308685,foraging,5.349409986000915,2.67008809994664,354.894119992974,446.1604141666064
summer_20210802-5_T1S1,summer,20210802-5,T1S1,1061344.198362,1878094.131132,56.51176800825669,1.1847730794175453,foraging,1.1470119129801106,1.2338426823813684,1217.3744392935396,1007.7409278837391
summer_20210802-5_T1S2,summer,20210802-5,T1S2,9239469.13179,12477240.264442,74.05058278889527,0.14290895369603773,foraging,0.10407498194232027,0.2537275596391287,961.5975830476698,821.5117681578097
summer_20210802-5_T2S2,summer,20210802-5,T2S2,595217.832563,1798566.464452,33.094013722998845,0.7214740166469905,foraging,0.8240968117898352,0.6707132345446387,490.51711813562423,807.1018531791369
summer_20210802-6_T1S1,summer,20210802-6,T1S1,9695760.073086,15034024.183848,64.49211438347136,0.24994578049762267,foraging,0.20899802608037654,0.3243181970966572,2026.3947166239013,1731.2961920281218
summer_20210802-6_T1S2,summer,20210802-6,T1S2,9033304.981766,12725701.67104,70.98473007836714,0.21629033871288592,foraging,0.17351092924402556,0.320948501199768,1567.3771415309043,1185.0691832574757
summer_20210802-6_T2S1,summer,20210802-6,T2S1,5282653.867958,10743608.612316,49.17020024260935,0.2834024471556437,foraging,0.264729344662694,0.3014658704449632,1398.473496544367,1646.2914754684361
summer_20210802-6_T2S2,summer,20210802-6,T2S2,4559371.41159,6505280.042028,70.08724270336917,0.40698688725824056,foraging,0.33764435704891305,0.5694602659659349,1539.4460288135003,1108.1176462346316
summer_20210802-7_T2S1,summer,20210802-7,T2S1,11496339.33291,18581510.231156,61.86977909703945,0.24707078746148384,foraging,0.20242434802322734,0.3195137285224366,2327.138994118091,2263.8093709172404
summer_20210802-7_T2S2,summer,20210802-7,T2S2,9929283.798908,12817417.064372,77.46711953774202,0.2496635056459558,foraging,0.1668899540512129,0.5342355836230135,1657.097716961209,1542.9435606561997
summer_20210802-8_T1S1,summer,20210802-8,T1S1,3714951.298091,5957228.397812,62.36039731925413,0.4231596954172547,foraging,0.3902621846421731,0.47766350780202105,1449.8050094322705,1071.053944916875
summer_20210802-8_T1S2,summer,20210802-8,T1S2,170058.532485,548648.431142,30.995902445401473,1.6823089069424382,foraging,2.1152955274268366,1.487815948925279,359.7240531662919,563.2720893238896
summer_20210802-8_T2S1,summer,20210802-8,T2S1,254107.13188,494026.76449,51.43590391146583,1.7782563193622976,foraging,1.7295989555088491,1.8297910063703418,439.50342988699737,439.0027860014546
summer_20210802-8_T2S2,summer,20210802-8,T2S2,370741.865365,1252748.031122,29.59428840873548,1.2894220436934103,foraging,1.9791698782482479,0.999493913094851,733.7611325359753,881.5597939862497
summer_20210803-1_T1S2,summer,20210803-1,T1S2,18011933.999055,23144553.064378,77.82364148036774,0.09349369913511953,foraging,0.06034898180558048,0.2098086746591061,1087.0018771922867,1076.8680036254784
summer_20210803-1_T2S1,summer,20210803-1,T2S1,8524665.632362,10393959.831124,82.01557222527909,0.24458856360172493,foraging,0.20775421996665527,0.41256665045635016,1771.0352589279216,771.2084463007253
summer_20210803-1_T2S2,summer,20210803-1,T2S2,2341587.499184,5426784.530982,43.14870962382359,0.28513279100136757,foraging,0.29704637795340044,0.2760906760278989,695.5600852935681,851.7941341883768
summer_20210803-2_T1S1,summer,20210803-2,T1S1,4235414.332109,25360660.331062,16.70072575721311,0.14962644502908024,foraging,0.3285575633743857,0.1137524285495771,1391.577412838684,2403.0480360881406
summer_20210803-2_T1S2,summer,20210803-2,T1S2,4590029.233559,26737091.364332,17.167272127746187,0.08455518609236216,foraging,0.12887851034944664,0.07536907585944563,591.5561300814962,1669.2036057980858
summer_20210803-2_T2S1,summer,20210803-2,T2S1,238612.132763,2099145.664472,11.367106952199924,0.4082526079424732,foraging,1.0518447221889924,0.3257123664512333,250.98291249702072,605.9987794748091
summer_20210803-2_T2S2,summer,20210803-2,T2S2,1562832.96626,11308499.831112,13.819984875096576,0.1514091086771889,foraging,0.37762490760539863,0.11513272934301609,590.1646544866036,1122.0452254182055
summer_20210803-3_T1S1,summer,20210803-3,T1S1,9877312.364765,21927098.164402,45.04614468685385,0.211854557011285,foraging,0.21876786977690788,0.20618765547487503,2160.8385851607513,2484.517083001595
summer_20210803-3_T1S2,summer,20210803-3,T1S2,7751513.732114,12344976.497666,62.790834260231584,0.21656258307029932,foraging,0.17238820490765283,0.2911072820070724,1336.269537596153,1337.1904606805329
summer_20210803-3_T2S1,summer,20210803-3,T2S1,10316373.665038,18330005.731378,56.28134445903659,0.2123305466097093,foraging,0.18394302496984402,0.24887530911400488,1897.6249786663263,1994.3951576362692
summer_20210803-3_T2S2,summer,20210803-3,T2S2,29188449.666694,39246256.431462,74.37257033079696,0.10535927395810342,foraging,0.07443019103435927,0.19511760808310138,2172.5018846888147,1962.4551985035685
summer_20210803-4_T2S1,summer,20210803-4,T2S1,611721.365983,1535987.664456,39.82592960469204,1.5116209787139234,foraging,1.8172686014405113,1.3093295161855767,1111.6620312312057,1210.1691454062868
summer_20210803-4_T2S2,summer,20210803-4,T2S2,17321.866375,45292.532567,38.244419981100066,6.3120789825835075,foraging,7.496263789638954,5.578728877501407,129.84927967587709,156.0407632082627
winter_20200625-3_T1S1,winter,20200625-3,T1S1,992.099975,4789.633151,20.71348564123048,21.499155344270257,foraging,28.72661585719601,19.610991880813764,28.499674873758764,74.4733922816569
winter_20200625-3_T1S2,winter,20200625-3,T1S2,100450.299805,1047004.031126,9.59407001489486,1.103151910075664,foraging,4.125359668289856,0.7824287801145815,414.3936154831714,740.6108813103954
winter_20200625-3_T2S1,winter,20200625-3,T2S1,7785.933173,13725.933004,56.724254524126195,12.57757934233167,foraging,10.71846547863212,15.01443737525954,83.45325593373715,89.18575547160175
winter_20200625-3_T2S2,winter,20200625-3,T2S2,75204.599588,328613.231126,22.88544479183321,3.653866024914776,foraging,6.235863373640333,2.8876013733531143,468.96560810009606,731.743112448662
winter_20200804-2_T1S1,winter,20200804-2,T1S1,1959478.69919,4094310.031092,47.858581404676485,0.4146418532993849,foraging,0.38576513593236406,0.4411466697397522,755.8985667496023,941.773732524647
winter_20200804-2_T1S2,winter,20200804-2,T1S2,1605215.798407,2166570.031122,74.09018750138014,0.58986412272544,foraging,0.4380263617019877,1.024050521589444,703.1268359227696,574.8550948082379
winter_20200804-2_T2S1,winter,20200804-2,T2S1,10771.999822,62307.032392,17.288577883518467,3.7828834800428455,foraging,5.657084966548,3.3911325278802926,60.93811825269393,174.76212527349733
winter_20200804-2_T2S2,winter,20200804-2,T2S2,6661843.266503,10366393.364502,64.26384791952215,0.20670468474876172,foraging,0.12946548073740155,0.3456029200381337,862.4787410950323,1280.3033312960088
winter_20201031-1_T1S1,winter,20201031-1,T1S1,387424.299564,1121896.997792,34.53296517652582,0.7687577261851527,foraging,0.7939799193763957,0.7554533643563731,307.60711413228125,554.8598709042458
winter_20201031-1_T1S2,winter,20201031-1,T1S2,973264.832344,2460666.164467,39.55290020232456,0.4531409540944135,foraging,0.4478176647382943,0.45662419040112495,435.8451843921976,679.1834290822196
winter_20201031-1_T2S1,winter,20201031-1,T2S1,17236.866284,33384.832711,51.630830183314366,1.9956033064631016,foraging,1.9264280049869997,2.0694432804987963,33.2055819277138,33.41730061607531
winter_20201031-1_T2S2,winter,20201031-1,T2S2,45187.232695,75821.19893,59.59709597406653,1.3919884108660787,foraging,0.8860524483509293,2.138279174901089,40.038258163607914,65.50397204492361
winter_20201101-3_T1S1,winter,20201101-3,T1S1,2051394.398917,4763759.064562,43.06251368121225,0.5498217580441807,foraging,0.5348993242677804,0.5611077762757438,1097.289477787413,1521.9289059889675
winter_20201101-3_T1S2,winter,20201101-3,T1S2,2562536.032835,6329785.331102,40.48377470628801,0.3581105022592629,foraging,0.3713603320166407,0.3490977814399029,951.624231958211,1315.1383721560408
winter_20201101-3_T2S1,winter,20201101-3,T2S1,26799.432934,51539.932502,51.99741566010015,10.046934868730776,foraging,9.50765549695634,10.631093701774383,254.79977585025793,263.01856913611664
winter_20201101-3_T2S2,winter,20201101-3,T2S2,71181.566309,360863.631136,19.72533671096757,2.280916723911612,foraging,4.413178389605501,1.7569708412579133,314.13695017314984,508.9629411364236
winter_20201103-1_T1S1,winter,20201103-1,T1S1,20536297.165828,24255205.731098,84.66758597515451,0.10013081859875128,foraging,0.0699184037134875,0.26696770616713833,1435.865116020511,992.8284891154553
winter_20201103-1_T1S2,winter,20201103-1,T1S2,10026878.665169,14300737.364492,70.11441724721992,0.14891910202403652,foraging,0.11402139661889614,0.23079243532950658,1143.2787091307825,986.3742574709526
winter_20201103-1_T2S1,winter,20201103-1,T2S1,13631363.964895,18713721.897733,72.8415439717864,0.20534100081630485,foraging,0.1648787818333752,0.313864493469174,2247.5226852592555,1595.1716982192372
winter_20201103-1_T2S2,winter,20201103-1,T2S2,1140329.998962,2201453.264462,51.798964682572,0.5960574291149215,foraging,0.6032001038585367,0.5883815948854888,687.8471738068835,624.3453993249879
winter_20201103-2_T1S1,winter,20201103-2,T1S1,742715.266639,1798530.964452,41.29566192180073,0.5784186967344026,foraging,0.540780631555789,0.6048952547859776,401.64603095916465,638.6579055356294
winter_20201103-2_T1S2,winter,20201103-2,T1S2,580337.56611,1311271.497792,44.2576207205913,1.0815586498677834,foraging,1.1967238845819999,0.9901212310839297,694.5038264840224,723.7132042779989
winter_20201103-2_T2S1,winter,20201103-2,T2S1,804497.265982,1850039.231142,43.485416548999154,0.792473025971555,foraging,0.8029001635518791,0.7844498150867532,645.9309864339874,820.1752012352025
winter_20201103-2_T2S2,winter,20201103-2,T2S2,42890.49944,64124.699038,66.8860830279816,7.330891599064559,foraging,5.083682035515323,11.869981480090704,218.041661497408,252.04955597280946
winter_20201103-4_T1S1,winter,20201103-4,T1S1,562714.231615,729514.697803,77.13542075432686,1.131834846019152,foraging,0.8248406218094453,2.167503528094072,464.14955670634083,361.54059895022596
winter_20201103-4_T1S2,winter,20201103-4,T1S2,906678.933088,2418636.031122,37.48720028235888,0.5752684805510293,foraging,0.7463747591014158,0.4726607688094399,676.7222702658847,714.6428043636402
winter_20201103-4_T2S1,winter,20201103-4,T2S1,2142247.232301,3205619.231152,66.82787560926701,0.7107283720239324,foraging,0.5775884669400903,0.9789492707149494,1237.337294711386,1040.9872427738846
winter_20201103-4_T2S2,winter,20201103-4,T2S2,120485.399027,181492.86515,66.38574961468672,2.4575020680530795,foraging,2.021806761543038,3.317969256662682,243.59819441999957,202.42089702300407
winter_20201103-5_T1S1,winter,20201103-5,T1S1,166528.57385,371206.995756,44.86137808659774,2.828375099050578,foraging,3.029033165474831,2.6651175298258365,504.4205731908746,545.4920501987691
winter_20201103-5_T1S2,winter,20201103-5,T1S2,24495.5663,60198.332415,40.691436651650974,6.038911148532731,foraging,6.289977390500488,5.866655313900659,154.0765581945057,209.4558225495171
winter_20201103-5_T2S1,winter,20201103-5,T2S1,314509.399144,956469.997792,32.88230680209953,1.5798715074781942,foraging,2.31877150184834,1.2178695501208634,729.2754317985521,781.82426547076
winter_20201103-5_T2S2,winter,20201103-5,T2S2,113165.199871,377880.564472,29.947345936968738,1.1984519337832404,foraging,1.5984650721653002,1.0274472517381967,180.89061937839864,271.98107385217213
winter_20201106-1_T1S1,winter,20201106-1,T1S1,1156715.166391,2516787.197802,45.95999087253783,0.42924592819950697,foraging,0.4579964988137096,0.40479411954247435,529.7714963317954,550.5491604693603
winter_20201106-1_T1S2,winter,20201106-1,T1S2,542315.399097,1433854.097792,37.82221635605146,0.5562315297123406,foraging,0.7584434863208915,0.4332277183120372,411.3155819766344,386.2392762225177
winter_20201106-1_T2S1,winter,20201106-1,T2S1,1525430.298939,2349270.931132,64.93207227503423,0.5894235447644912,foraging,0.4719407743060973,0.806955638542728,719.9127564312531,664.8028434087471
winter_20201106-1_T2S2,winter,20201106-1,T2S2,176467.165426,344662.597802,51.19997544014797,1.5089170100252651,foraging,1.5053249592436875,1.512685715337513,265.6404286027425,254.42682794019188
winter_20201106-2_T1S1,winter,20201106-2,T1S1,678319.466248,2635808.697792,25.734776079016047,0.37810413598623926,foraging,0.537756618466966,0.32278051787566864,364.7707824098418,631.839387893817
winter_20201106-2_T1S2,winter,20201106-2,T1S2,757365.765762,1961513.264452,38.61129972901763,0.4066825744645188,foraging,0.4935431388498257,0.3520503820364603,373.79267729157937,423.9205869420625
winter_20201106-2_T2S1,winter,20201106-2,T2S1,1042093.13319,3508068.397802,29.705610467655912,0.1949816954115889,foraging,0.2917043106265639,0.1541078169967691,303.9830590258649,380.02606479738535
winter_20201106-2_T2S2,winter,20201106-2,T2S2,951190.633247,2586150.464462,36.78017371061499,0.3772030586106459,foraging,0.4251556591739814,0.34930508605814387,404.4040806782451,571.099784544164
winter_20210215-1_T1S1,winter,20210215-1,T1S1,3291698.698973,4587964.531092,71.74638506173302,0.33658870038414257,foraging,0.24354349110637483,0.5728649230047986,801.6717928181964,742.5852261106021
winter_20210215-1_T1S2,winter,20210215-1,T1S2,3233677.665934,8785475.531086,36.80708749904486,0.23766833180470967,foraging,0.3322510857140973,0.1825780445989911,1074.3929153559995,1013.6363982283056
winter_20210215-1_T2S1,winter,20210215-1,T2S1,882323.43332,931208.09999,94.75040362401003,0.14626970142915174,foraging,0.078091329834059,1.3768268270414188,68.90181025171148,67.3057205022335
winter_20210215-1_T2S2,winter,20210215-1,T2S2,4838484.132001,6035998.831102,80.16045508606622,0.4077946746517051,foraging,0.308113283477556,0.8105511751055058,1490.8012329648807,970.6469465624318
