unique_trial_ID,ID,season,trial,task,path_efficiency,directional_path_efficiency,perc_backward,perc_backward_buffer,shrew_path_length,correct_path_length,total_deviation_sequences,first_deviation_point,first_deviation_length,total_deviations,total_deviation_length
summer_20210803-3_T6,20210803-3,summer,T6,maze,0.1932749364227182,0.541030534351145,0.7038711500423849,0.1486486486486486,507.8723059712033,141.93068219991375,5,1,350.84001504246976,5,387.27422974669855
spring_20210803-4_T6,20210803-4,spring,T6,maze,0.2988257107540173,0.647610121836926,0.6702719406674907,0.2726315789473684,809.8496860319856,145.04370013491695,9,2,1.60744759449121,9,594.1374344243775
winter_20210802-3_T10,20210802-3,winter,T10,maze,0.8592592592592593,0.8493506493506493,0.0493827160493827,0.0209580838323353,121.32151681333175,144.88769475085613,4,3,2.445657001197606,4,8.846060751193669
winter_20240303-1_T3,20240303-1,winter,T3,maze,0.2514367816091954,0.4203767123287671,0.66436781609195406,0.4055690072639225,943.7557786816164,140.15969985546093,14,1,1.1387586051035032,14,680.0865782474938
winter_20210803-4_T4,20210803-4,winter,T4,maze,0.6926605504587156,0.8317460317460318,0.2775229357798165,0.1148648648648648,163.77724267850397,145.34705420315322,10,1,14.011470384638638,10,51.5789503903754
winter_20210802-8_T10,20210802-8,winter,T10,maze,0.8528138528138528,0.7581395348837209,0.0692640692640692,0.0467836257309941,105.3818908648055,145.34735373640518,6,2,2.533870872640006,6,16.77903405484113
summer_20210802-7_T1,20210802-7,summer,T1,maze,0.1649876874860085,0.5116279069767442,0.7208417282292366,0.1296043656207367,596.4196990466068,143.99281173360436,8,1,376.7859323330088,8,456.15829683369554
spring_20210912-1_T4,20210912-1,spring,T4,maze,0.9376528117359412,0.9582753824756608,0.1210268948655256,0.0874172185430463,128.6458995158096,145.4321814059821,4,1,0.27342602000835303,4,2.343453807267654
spring_20240526-1_T10,20240526-1,spring,T10,maze,0.6856435643564357,0.8773234200743495,0.3341584158415842,0.1291512915129151,156.13475636850418,139.71344411196625,8,1,1.4419303930169534,8,35.74332335217271
summer_20210802-7_T4,20210802-7,summer,T4,maze,0.5796766743648961,0.7598039215686274,0.2933025404157043,0.0292275574112734,195.3491216526505,143.99281173360436,4,1,72.95399544014518,4,76.26352157296989
winter_20240225-1_T1,20240225-1,winter,T1,maze,0.2615384615384615,0.4690026954177897,0.6432692307692308,0.3324808184143222,737.7006802802524,140.08363962230655,14,1,1.18641010633574,14,472.69202225886534
winter_20210802-1_T6,20210802-1,winter,T6,maze,0.9615384615384616,0.9331941544885176,0.0303643724696356,0.0197368421052631,121.44655780078814,144.27341046979302,3,1,6.546699580591065,3,8.142736678135188
winter_20210912-2_T4,20210912-2,winter,T4,maze,0.1741756858796879,0.3439153439153439,0.714573370249182,0.4009216589861751,1095.6453792720351,145.49288510868678,13,1,569.9933280005052,13,877.3793599999665
summer_20210802-1_T2,20210802-1,summer,T2,maze,0.4593413978494624,0.8852357320099256,0.7291666666666666,0.4734317343173432,423.3720797085245,145.142203148698,6,12,84.71142838540148,6,92.536787974265
winter_20210910-2_T5,20210910-2,winter,T5,maze,0.2757517594369801,0.5089743589743589,0.5009596928982726,0.0410628019323671,357.5037903758391,144.27341046979305,3,1,239.01594336975788,3,243.334298408575
spring_20210910-1_T5,20210910-1,spring,T5,maze,0.1357956123299083,0.4149599287622439,0.6881421827270203,0.0351966873706004,570.4897905240433,145.43742460880026,9,1,422.77355229471453,9,458.9328208171248
summer_20210803-4_T9,20210803-4,summer,T9,maze,0.9799713876967096,0.9559471365638766,0.0257510729613733,0.0269058295964125,121.7458342280421,141.30764096145617,3,8,0.4182559510686974,3,1.4016651464659298
winter_20240225-2_T1,20240225-2,winter,T1,maze,0.4048493754592212,0.5962314939434724,0.4540778839088905,0.162570888468809,394.2996884019279,141.6041316813825,9,1,31.27366857871867,9,232.33595507525584
winter_20240223-1_T4,20240223-1,winter,T4,maze,0.2403335860500379,0.507537688442211,0.6982562547384382,0.2785714285714286,472.3606198405976,140.424828635306,8,1,263.97328513742593,8,338.18343363961793
spring_20240524-2_T1,20240524-2,spring,T1,maze,0.5315508021390374,0.8306636155606407,0.532620320855615,0.2636916835699797,279.53119980389425,141.6129425912419,10,1,2.2190418425734615,10,120.1310224309147
winter_20210912-2_T2,20210912-2,winter,T2,maze,0.6334056399132321,0.7626582278481012,0.3145336225596529,0.1107011070110701,171.85971060312988,144.08312242311757,5,1,38.44763428924311,5,57.911177738072425
winter_20240225-1_T5,20240225-1,winter,T5,maze,0.3098871930988719,0.492091388400703,0.6224286662242866,0.3533487297921478,436.64160388459686,140.76414445588634,5,1,80.10200182114714,5,306.2216045682418
winter_20240223-1_T9,20240223-1,winter,T9,maze,0.7965116279069767,0.6946107784431138,0.0290697674418604,0.0333333333333333,97.81494162436024,140.90600716901852,5,1,6.973426248144709,5,21.184766693439876
spring_20210803-4_T1,20210803-4,spring,T1,maze,0.7276894865525673,0.8252227553118574,0.5540953545232273,0.4703035635723713,770.9976728504505,145.2040139636712,22,1,18.676913126967023,22,225.1910143386904
winter_20210912-1_T8,20210912-1,winter,T8,maze,0.7856025039123631,0.8287401574803149,0.2050078247261345,0.1319587628865979,136.06781546648756,145.34735373640518,5,1,7.56816543674214,5,21.620917749063977
spring_20240520-3_T5,20240520-3,spring,T5,maze,0.7077997671711292,0.8123028391167192,0.2619324796274738,0.1271186440677966,156.91511844059977,140.02757410236688,5,1,2.5803788910739778,5,37.59600406709298
spring_20210803-3_T4,20210803-3,spring,T4,maze,0.1241379310344827,0.4044233807266982,0.7089655172413794,0.0077519379844961,464.1142288683845,145.78701461246965,8,1,318.93086569924293,8,363.93749600983625
spring_20240520-4_T10,20240520-4,spring,T10,maze,0.23062558356676,0.4053030303030303,0.5070028011204482,0.0614035087719298,321.19064739843435,141.34066803174488,3,1,206.85424816689732,3,210.7818758156737
spring_20240520-4_T4,20240520-4,spring,T4,maze,0.1818181818181818,0.44125,0.6326905417814509,0.0686015831134564,525.0004966424199,141.34066803174488,3,1,294.05536207977224,3,398.505411691506
spring_20210803-8_T9,20210803-8,spring,T9,maze,0.5318194561255958,0.8264285714285714,0.6075133165124754,0.3868574456809751,505.55353003805527,146.11530298081394,12,4,0.9534080262024314,12,235.1973854487832
summer_20210912-2_T6,20210912-2,summer,T6,maze,0.6908396946564885,0.5689655172413793,0.4465648854961832,0.1581632653061224,202.37225292070008,142.92559004004048,9,2,36.47846647725622,9,52.45332742097434
spring_20210913-1_T7,20210913-1,spring,T7,maze,0.263448275862069,0.5029585798816568,0.5337931034482759,0,342.887213385383,146.2292825322292,6,1,205.54082721757953,6,250.72118232175015
summer_20210909-1_T7,20210909-1,summer,T7,maze,0.7189189189189189,0.6648648648648648,0,0,99.69756019422825,143.06131319575528,8,1,7.217156235021017,8,29.05561873348706
summer_20210802-3_T6,20210802-3,summer,T6,maze,0.9908675799086758,0.9481481481481482,0.0753424657534246,0.079136690647482,116.61088404626004,141.76393014407432,1,5,1.4080804289880884,1,1.4080804289880884
summer_20210912-2_T8,20210912-2,summer,T8,maze,0.3232799245994345,0.53276955602537,0.5541941564561734,0.2522255192878338,426.5889541436285,142.7306186616575,11,1,206.2440103502331,11,322.9741748351329
winter_20240225-4_T5,20240225-4,winter,T5,maze,0.5931477516059958,0.7589453860640302,0.4314775160599571,0.1569037656903765,180.7606641910635,140.38343751498178,6,1,0.8619634197306583,6,58.54410841921484
winter_20240228-3_T1,20240228-3,winter,T1,maze,0.8226037195994278,0.890625,0.1759656652360515,0.0655737704918032,144.77088131228345,140.39010920627027,2,1,1.1400430865346118,2,22.41924943417654
spring_20240520-3_T9,20240520-3,spring,T9,maze,0.5707678075855689,0.8111111111111111,0.4172062904717853,0.1454849498327759,246.0080696707444,140.02757410236688,8,1,2.8640404363217904,8,114.51420864523236
spring_20240524-1_T10,20240524-1,spring,T10,maze,0.2718319107025607,0.4875346260387811,0.525935653315824,0.1088607594936708,409.5424808813046,142.01592282073548,4,1,257.10705667978146,4,291.60889987987514
winter_20240303-3_T1,20240303-3,winter,T1,maze,0.2053832650672908,0.5168738898756661,0.6705675833820948,0.0364238410596026,478.538292764813,141.43015739055198,8,1,263.2878308142648,8,353.3663399716444
winter_20240303-3_T7,20240303-3,winter,T7,maze,0.4069920844327176,0.6272285251215559,0.5930079155672823,0.3269565217391304,397.3224051770991,141.56627289579188,10,1,2.2561673529784825,10,258.28101779332457
spring_20210912-2_T2,20210912-2,spring,T2,maze,0.1408912188728702,0.1682322801024765,0.7442114460463084,0.5275779376498801,1643.9071475771157,198.278459182386,41,13,0.203802840127726,41,1360.1425864944288
winter_20210802-3_T1,20210802-3,winter,T1,maze,0.8257477243172952,0.9301470588235294,0.2925877763328999,0.1878009630818619,146.92734284606976,145.4102061416919,5,5,4.337776452682142,5,13.63027572323973
summer_20210802-5_T9,20210802-5,summer,T9,maze,0.8944223107569721,0.8571428571428571,0.0796812749003984,0.0747663551401869,114.72760674589378,143.59002140122,3,1,1.796292245484278,3,5.97151926289091
spring_20210912-1_T6,20210912-1,spring,T6,maze,0.4535147392290249,0.6980088495575221,0.4875283446712018,0.1826424870466321,354.9545717554236,147.67093714605258,2,1,221.0265565284409,2,221.91207914036636
spring_20240520-3_T2,20240520-3,spring,T2,maze,0.162556915617054,0.264868726558314,0.6689137247945125,0.4549797868430724,1747.9991712786968,141.7287556887462,21,1,486.93084419421854,21,1421.495245523495
summer_20210802-2_T6,20210802-2,summer,T6,maze,0.2627551020408163,0.6483253588516746,0.6445578231292517,0.1026490066225165,455.154166529472,140.90719263035848,3,1,289.88797212157266,3,334.93509767824645
spring_20240520-3_T1,20240520-3,spring,T1,maze,0.2194602929838087,0.3816933638443936,0.7304548959136469,0.5252597125373559,5447.801524516635,140.86161401057473,78,1,580.2283852131632,78,4220.026024079799
winter_20240228-2_T8,20240228-2,winter,T8,maze,0.964516129032258,0.9267399267399268,0.1193548387096774,0.1184668989547038,118.77450078752236,140.42848645894395,4,1,0.8439953449549247,4,5.630698679394388
spring_20210913-2_T2,20210913-2,spring,T2,maze,0.4308206106870229,0.7451776649746192,0.5300572519083969,0.1724915445321307,297.10320283714714,145.28491786202633,10,2,102.5307625168103,10,158.12945626496264
winter_20210912-1_T9,20210912-1,winter,T9,maze,0.9242902208201892,0.864406779661017,0.0694006309148265,0.0625,111.66144001441852,145.39898175104693,3,1,6.540120780961039,3,11.327539510004147
summer_20210912-2_T3,20210912-2,summer,T3,maze,0.375,0.5145299145299145,0.415,0.1864864864864865,239.9447393553029,141.83906312683428,15,2,63.19580577359686,15,133.39788439112027
winter_20240228-3_T2,20240228-3,winter,T2,maze,0.6418269230769231,0.9105058365758756,0.3822115384615384,0.0823529411764705,201.2366255630112,139.31401802709885,2,1,41.45838409708088,2,74.9596656176453
summer_20210912-2_T4,20210912-2,summer,T4,maze,0.8478260869565217,0.7675438596491229,0.008695652173913,0.0112994350282485,111.86724203857852,142.7306186616575,6,5,4.70709446030982,6,20.0726782070417
spring_20240520-4_T8,20240520-4,spring,T8,maze,0.1375868055555555,0.3012895662368112,0.6297743055555556,0.1518151815181518,543.7993077128164,141.34066803174494,4,1,392.2289615924088,4,426.22346739426297
winter_20210802-1_T1,20210802-1,winter,T1,maze,0.9178785286569716,0.9611542730299668,0.2292557741659538,0.1752380952380952,148.61368302098438,145.39898175104696,5,5,1.5476301114237063,5,5.496049743404549
winter_20240303-3_T8,20240303-3,winter,T8,maze,0.2812556377412953,0.5364154528182394,0.7151362078296951,0.4438608010505581,481.0454962131443,141.54488561390085,5,1,1.3236918450158854,5,272.7777099836957
winter_20240225-2_T10,20240225-2,winter,T10,maze,0.2902926149558755,0.611764705882353,0.6052020436600093,0.1201353637901861,403.8051285586638,140.81053469359964,3,1,272.9043034044547,3,278.32517983425385
winter_20240303-1_T5,20240303-1,winter,T5,maze,0.7025641025641025,0.7491166077738516,0.2743589743589744,0.066079295154185,147.2190733773841,140.46155517790348,4,1,2.1885112497142867,4,35.46854647454855
winter_20210803-3_T2,20210803-3,winter,T2,maze,0.0994792362131125,0.3120458891013384,0.8254106022165844,0.4399450926561427,728.0617227522499,145.33983376573306,8,1,54.06404287282338,8,525.5406871434825
summer_20210912-2_T7,20210912-2,summer,T7,maze,0.1660424469413233,0.3650546021840873,0.5998751560549314,0.0823529411764705,472.0622445943733,142.7306186616575,10,1,342.28807341765844,10,368.6329636393187
summer_20210912-2_T10,20210912-2,summer,T10,maze,0.8272727272727273,0.4540059347181009,0.5623376623376624,0.1404494382022472,339.8941628143013,142.85411580524035,8,2,27.950473341690124,8,57.64985295774619
spring_20240524-2_T6,20240524-2,spring,T6,maze,0.7140077821011673,0.8386243386243386,0.2645914396887159,0.081159420289855,145.9984864699828,141.0065909394009,3,2,27.279274862371835,3,29.39406567605803
winter_20210910-1_T5,20210910-1,winter,T5,maze,0.5296752519596865,0.7701375245579568,0.4300111982082866,0.1478260869565217,180.82500930616015,145.33983376573306,9,1,1.473680331609029,9,69.76117371179863
winter_20210802-3_T3,20210802-3,winter,T3,maze,0.5383480825958702,0.8079625292740047,0.3702064896755162,0.0403337969401947,206.07968048295703,145.01257424290503,5,7,6.935649362475727,5,74.40986687039289
summer_20210802-2_T7,20210802-2,summer,T7,maze,0.6004597701149426,0.7740029542097489,0.3774712643678161,0.1857031857031857,198.95412489518125,141.8557846357952,7,1,2.5160436798428067,7,56.42596559220766
summer_20210802-3_T4,20210802-3,summer,T4,maze,0.0946650124069478,0.3269230769230769,0.7741935483870968,0.200268817204301,783.8439422837114,142.01468380862752,7,1,409.15232181381793,7,632.0559155722473
spring_20240524-3_T1,20240524-3,spring,T1,maze,0.2214045959204751,0.4634673584089926,0.7013942680092952,0.3514821536600121,1268.7060747922674,141.64880083091606,26,1,394.88559227308866,26,879.4356052368612
winter_20210803-4_T10,20210803-4,winter,T10,maze,0.8712121212121212,0.821969696969697,0,0,103.33254584351702,146.4014242694251,6,1,6.7830160148275995,6,17.700869069766114
spring_20210912-1_T8,20210912-1,spring,T8,maze,0.3814935064935065,0.6106194690265486,0.4496753246753247,0.0758928571428571,314.855076780504,145.4321814059821,4,1,197.38410147938856,4,201.5159875738432
summer_20210803-4_T8,20210803-4,summer,T8,maze,0.8725552050473186,0.9155645981688708,0.3798107255520505,0.3442622950819672,234.05238865401915,141.31985441363935,7,3,2.0311557408619425,7,20.56089290358893
winter_20210803-4_T6,20210803-4,winter,T6,maze,0.8753462603878116,0.7865707434052758,0.4224376731301939,0.4305555555555556,251.90798095156163,145.33168426942512,12,5,2.6737061515380085,12,23.536959104402698
summer_20210802-7_T5,20210802-7,summer,T5,maze,0.9367088607594936,0.967883211678832,0.2117376294591484,0.1733167082294264,140.8398516334168,145.38811613325893,3,1,11.543893399021789,3,14.157811740588963
summer_20210803-3_T7,20210803-3,summer,T7,maze,0.9026315789473685,0.8032786885245902,0.3578947368421052,0.4096385542168674,142.86223396217895,142.00442760489102,7,2,2.817908476693188,7,22.630434022416747
winter_20210912-2_T8,20210912-2,winter,T8,maze,0.7168831168831169,0.7739938080495357,0.161038961038961,0.0347490347490347,125.41646728834525,145.57415043759414,6,1,7.430819383496654,6,31.267363133546063
spring_20240524-3_T8,20240524-3,spring,T8,maze,0.3602088167053364,0.5529841656516443,0.6825212683681361,0.5032822757111597,800.4257343026336,139.48397829703362,20,1,2.306592588109587,20,497.5225059550028
summer_20210803-1_T4,20210803-1,summer,T4,maze,0.7866666666666666,0.8342967244701349,0.135,0.0462555066079295,124.080004572116,143.35566873508515,4,5,0.3317033935244026,4,3.971110127741011
winter_20210910-1_T10,20210910-1,winter,T10,maze,0.9452054794520548,0.8791208791208791,0.0650684931506849,0.0733590733590733,114.77325156578776,145.10967364874324,3,2,1.681489122011317,3,6.143262888063386
spring_20240526-3_T4,20240526-3,spring,T4,maze,0.8460388639760837,0.9349005424954792,0.1733931240657698,0.0701438848920863,130.46796131476165,139.80157522258443,6,1,1.8152311956906948,6,14.078521269417871
spring_20240520-3_T8,20240520-3,spring,T8,maze,0.6092436974789915,0.7066666666666667,0.2647058823529412,0.1229314420803782,165.2450473841397,140.02757410236688,7,1,2.769980733741217,7,48.682903876931235
spring_20240526-3_T5,20240526-3,spring,T5,maze,0.3005758157389635,0.6875,0.6253358925143954,0.1330749354005168,531.9272770716437,139.80157522258443,9,1,348.87855427883767,9,396.95485653288904
winter_20240225-2_T5,20240225-2,winter,T5,maze,0.8174442190669371,0.8619791666666666,0.2210953346855984,0.0956284153005464,121.94255768115436,140.91813594320678,3,1,1.4184717059166554,3,9.902700878020887
spring_20210803-4_T4,20210803-4,spring,T4,maze,0.8475836431226765,0.92776886035313,0.2280049566294919,0.1347305389221557,177.1116254206648,145.8028109676856,3,1,37.672143033110274,3,44.44535856765516
spring_20210913-2_T6,20210913-2,spring,T6,maze,0.791578947368421,0.9134466769706336,0.3189473684210526,0.2024291497975708,147.2483295461739,145.28491786202633,9,1,2.182620698836471,9,18.78670523632062
spring_20240526-1_T8,20240526-1,spring,T8,maze,0.6468023255813954,0.8812095032397408,0.3270348837209302,0.0577367205542725,157.56244657059213,139.71344411196625,5,1,2.2104488481131694,5,43.89743783617472
spring_20240524-3_T9,20240524-3,spring,T9,maze,0.6470588235294118,0.7668393782383419,0.2595907928388747,0.0938775510204081,151.4998844944304,139.48397829703362,6,1,2.318025495041958,6,38.553218819973935
spring_20210910-1_T10,20210910-1,spring,T10,maze,0.418625678119349,0.5959595959595959,0.5524412296564195,0.3202764976958525,316.50441019185484,144.36244140598214,7,1,173.82241925220455,7,186.79840175361008
spring_20240520-3_T4,20240520-3,spring,T4,maze,0.5990338164251208,0.7720848056537103,0.3164251207729469,0.0662393162393162,146.36138502814234,140.02757410236688,4,2,33.46212529487922,4,39.91434856432262
summer_20210802-2_T3,20210802-2,summer,T3,maze,0.6659159159159159,0.8673469387755102,0.4114114114114114,0.2183908045977011,173.09404669399515,142.09368443010734,7,3,2.551951591664778,7,29.255107358571795
spring_20210912-2_T9,20210912-2,spring,T9,maze,0.801948051948052,0.7681660899653979,0.0616883116883116,0.0553191489361702,117.31613243363654,146.01308671256808,7,1,7.237892344832416,7,22.143417637090387
spring_20240526-2_T3,20240526-2,spring,T3,maze,0.3618763961280715,0.7790697674418605,0.6157855547282204,0.1501057082452431,283.4500103257011,139.71344411196625,7,1,127.21373736119128,7,155.49389349165773
winter_20210803-1_T2,20210803-1,winter,T2,maze,0.2408602150537634,0.5270988310308182,0.595268817204301,0.1030741410488245,423.6352284846825,144.89768789812595,6,1,268.3785625529226,6,302.6136292858856
spring_20210912-1_T5,20210912-1,spring,T5,maze,0.2368919772583702,0.5347682119205298,0.6184459886291851,0.0664739884393063,406.7522913284956,146.50192140598213,2,1,257.9610815481807,2,288.59808348892443
summer_20210802-2_T4,20210802-2,summer,T4,maze,0.5965957446808511,0.937219730941704,0.4306382978723404,0.0886627906976744,163.22454969102503,143.381017047593,2,2,38.51924690434777,2,39.89341065116967
winter_20240303-1_T1,20240303-1,winter,T1,maze,0.2566515249837767,0.5224450811843362,0.6602855288773524,0.2295774647887324,553.0982711520585,140.44294255792676,10,1,267.646641301882,10,359.39504617801737
winter_20240225-1_T2,20240225-1,winter,T2,maze,0.3997830802603037,0.5835411471321695,0.652060737527115,0.4768026830631637,1107.833038644686,141.52921499384712,13,1,261.6665807643661,13,783.8635147495426
spring_20240520-1_T3,20240520-1,spring,T3,maze,0.1538199413889456,0.3729679516953089,0.7065358140802835,0.2855871886120996,535.5967709941907,143.15171736062905,10,3,3.5785088756709436,10,381.0849809538204
winter_20210802-1_T8,20210802-1,winter,T8,maze,0.9234875444839856,0.9455645161290324,0.1174377224199288,0.0601202404809619,132.074416509727,145.33976095179992,2,7,2.419060716534983,2,5.509016621658944
spring_20210910-1_T7,20210910-1,spring,T7,maze,0.2673469387755102,0.5296703296703297,0.5357142857142857,0.0242914979757085,317.61914193775283,145.43742460880026,6,1,203.9309972940951,6,216.1951537055076
spring_20240524-3_T4,20240524-3,spring,T4,maze,0.3643143544506816,0.6764439068642274,0.734803528468324,0.5044306601683651,1001.016552816572,139.48397829703362,27,1,2.0251895360366676,27,680.9840726287308
spring_20240526-1_T6,20240526-1,spring,T6,maze,0.6511904761904762,0.8581560283687943,0.3285714285714285,0.1003717472118959,167.5351339685873,139.71344411196625,7,1,2.4752564354409667,7,44.25698658664887
winter_20240225-2_T4,20240225-2,winter,T4,maze,0.8177570093457944,0.7142857142857143,0.0841121495327102,0.0909090909090909,102.75078865040054,141.6041316813825,7,1,1.6546995261355146,7,19.734911342653913
spring_20240526-3_T6,20240526-3,spring,T6,maze,0.2740384615384615,0.5947441217150761,0.6137820512820513,0.1330645161290322,449.7091550053885,139.80157522258443,7,1,281.7342710789134,7,328.92818521364745
winter_20240228-3_T8,20240228-3,winter,T8,maze,0.9649532710280374,0.9149484536082474,0.0934579439252336,0.0682414698162729,114.41533439566096,139.26732149308734,3,1,2.780846653161875,3,7.218572320959351
spring_20210910-1_T9,20210910-1,spring,T9,maze,0.4725519287833828,0.6351351351351351,0.4510385756676557,0.23577235772357719,314.91857532594423,145.4140432274705,7,1,175.34466445713508,7,182.2146135316312
winter_20210910-2_T3,20210910-2,winter,T3,maze,0.1563786008230452,0.3689407540394973,0.6473567584678696,0.1383647798742138,483.8437264845793,145.33976095179997,3,1,349.8316014030191,3,354.5454247174641
winter_20210802-3_T4,20210802-3,winter,T4,maze,0.2082018927444795,0.5117408906882591,0.67534174553102,0.1727748691099476,569.3385243040551,144.86548943239185,8,1,346.17734600251174,8,429.9916384498567
spring_20240520-1_T7,20240520-1,spring,T7,maze,0.3035714285714285,0.2111111111111111,0.1964285714285714,0.1363636363636363,110.4310983375562,142.09152880184524,5,2,17.146727083961316,5,68.68564363316005
spring_20210913-2_T10,20210913-2,spring,T10,maze,0.8704453441295547,0.7975708502024291,0,0,106.8243806539538,145.28491786202636,5,1,7.428599491071317,5,17.97434811119393
spring_20240520-4_T2,20240520-4,spring,T2,maze,0.899343544857768,0.8756345177664975,0.1378555798687089,0.1287878787878787,124.87182916490728,141.3406680317449,3,1,2.024251111060817,3,6.060061375470742
summer_20210802-3_T3,20210802-3,summer,T3,maze,0.6845425867507886,0.6382252559726962,0.0757097791798107,0.0603015075376884,116.36728727201157,142.97524128765713,7,3,5.913296046471509,7,24.79907995214312
spring_20210803-4_T9,20210803-4,spring,T9,maze,0.9415807560137456,0.872791519434629,0.0274914089347079,0.0313725490196078,112.46525456186484,144.64273819998576,3,2,3.1480699402186545,3,9.099514778648958
summer_20210802-7_T8,20210802-7,summer,T8,maze,0.7780548628428927,0.8676923076923077,0.1895261845386533,0.0440677966101694,120.8394468390725,143.99684256398183,5,5,1.7356311491535386,5,11.414538656080156
winter_20210802-1_T9,20210802-1,winter,T9,maze,0.8567493112947658,0.875,0.140495867768595,0.0284697508896797,124.5916073623058,145.33168426942507,5,2,2.3337432488349643,5,10.329917981937989
winter_20240223-1_T7,20240223-1,winter,T7,maze,0.852017937219731,0.7699530516431925,0.0448430493273542,0.0238095238095238,106.09549060025032,139.7891583803152,5,1,2.7724091502079258,5,16.19694343921861
summer_20210912-2_T5,20210912-2,summer,T5,maze,0.2511097019657577,0.3478260869565217,0.5770450221940393,0.3846153846153846,527.9359056312195,142.7306186616575,11,1,1.3584613708474849,11,380.17367293285906
summer_20210802-5_T8,20210802-5,summer,T8,maze,0.4625407166123778,0.6036789297658863,0.3507057546145494,0.1108374384236453,288.7667620498084,143.87600436627127,6,1,152.27047153350964,6,165.13516054895445
spring_20210803-3_T2,20210803-3,spring,T2,maze,0.1355074991280083,0.6216475095785441,0.8179281478897803,0.1538461538461538,552.9057852353212,145.72721106814106,7,1,253.7191591357244,7,413.2033056826416
winter_20240303-2_T4,20240303-2,winter,T4,maze,0.2635135135135135,0.4834254143646408,0.5923423423423423,0.0277777777777777,377.4426167403368,140.37154705662687,5,1,267.3231319887653,5,278.20351220290803
winter_20240228-1_T7,20240228-1,winter,T7,maze,0.6685649202733486,0.7486818980667839,0.3519362186788154,0.2379248658318425,150.2981404026104,141.13203830342886,5,5,5.71356743732136,5,15.933479262307186
winter_20240228-2_T5,20240228-2,winter,T5,maze,0.9653061224489796,0.9302949061662198,0.2387755102040816,0.082010582010582,107.46147814836104,140.31662160942912,3,9,0.6944187159890531,3,17.424909968798076
winter_20210803-1_T3,20210803-1,winter,T3,maze,0.1460427709742277,0.4415770609318996,0.7450191921038202,0.2192648922686945,707.851436764281,144.3752998535391,5,1,510.78068358767337,5,558.6396178326183
winter_20210912-1_T4,20210912-1,winter,T4,maze,0.9596977329974812,0.9054054054054054,0.0680100755667506,0.074585635359116,114.08775353025528,145.30795537131806,3,2,2.786663842605834,3,6.924926312006429
winter_20210802-8_T3,20210802-8,winter,T3,maze,0.0087156619610835,0.0321245905407735,0.7925290919496375,0.2289655172413793,1530.855015325315,143.96090565046978,9,1,41.30685668278466,9,1351.109490322255
spring_20210913-2_T5,20210913-2,spring,T5,maze,0.2890148212728858,0.5633986928104575,0.6665213600697472,0.3244514106583072,667.3979330462921,145.28491786202633,14,2,2.7883399349899034,14,449.9928369401633
winter_20240225-1_T4,20240225-1,winter,T4,maze,0.2249476518097517,0.4758842443729904,0.7209093628477415,0.3737658674188998,1103.409096143831,140.64417396370035,9,1,265.49092186248976,9,924.6472945327448
summer_20210803-4_T10,20210803-4,summer,T10,maze,0.6334346504559271,0.6988936988936989,0.3680851063829787,0.2994214079074253,224.88867455390488,141.24378116816652,6,7,0.21408815374417625,6,28.12848148236713
winter_20210803-3_T5,20210803-3,winter,T5,maze,0.9909745272815426,0.1463200934579439,0.8723007496363704,0.1853658536585365,872.4682320319272,145.32792880622006,7,3,1.5653382758542471,7,11.84053880974924
summer_20210803-1_T1,20210803-1,summer,T1,maze,0.4117647058823529,0.6490280777537797,0.4325980392156863,0.1002994011976047,232.27665857887223,142.25258361758782,8,2,89.35737516317091,8,112.47547382175692
spring_20240524-3_T7,20240524-3,spring,T7,maze,0.8598574821852731,0.8421052631578947,0.0522565320665083,0.031700288184438,110.66162483071328,139.48397829703362,6,1,2.8414974702274924,6,9.030072836729376
winter_20210912-2_T3,20210912-2,winter,T3,maze,0.2234432234432234,0.5457627118644067,0.6398046398046398,0.0720461095100864,432.7458527742066,144.74818191559933,4,1,302.00612266309287,4,314.19650143194144
winter_20210803-4_T9,20210803-4,winter,T9,maze,0.4215091066782307,0.5835654596100278,0.3772766695576756,0.0969827586206896,294.2014487802349,145.39898175104696,4,2,84.13089770578308,4,147.59889670005347
spring_20210803-8_T4,20210803-8,spring,T4,maze,0.3794518386027671,0.4901984511132623,0.5652585617339155,0.4360295141305861,798.3534368321201,145.20398307471277,18,1,21.536652791058383,18,279.12948982751664
summer_20210802-2_T5,20210802-2,summer,T5,maze,0.5282485875706214,0.7543307086614173,0.4020715630885122,0.1243144424131627,176.9118936144155,141.95556285241142,4,2,45.48733874142832,4,52.09104480897557
summer_20210909-1_T4,20210909-1,summer,T4,maze,0.1766666666666666,0.3251748251748251,0.5233333333333333,0.0412371134020618,313.1302887417405,141.33746753242343,11,1,209.81240897251155,11,247.24745654712703
spring_20210910-1_T2,20210910-1,spring,T2,maze,0.3556390977443609,0.6178343949044586,0.5278195488721804,0.158351409978308,379.7772972467053,145.43742460880026,7,1,262.4878835845044,7,274.33968626504264
winter_20240223-1_T8,20240223-1,winter,T8,maze,0.4596069868995633,0.7326315789473684,0.4814410480349345,0.1234256926952141,355.8747286930698,140.45059494845668,3,1,228.489467721909,3,234.0150049276082
winter_20240225-4_T6,20240225-4,winter,T6,maze,0.3294232649071358,0.5497630331753555,0.5874877810361682,0.2564102564102564,385.5631700355379,142.09284247579455,7,1,230.1073640317969,7,258.03123640202676
spring_20210803-8_T10,20210803-8,spring,T10,maze,0.8236151603498543,0.904645476772616,0.4037900874635568,0.3327321911632101,256.71808838916144,146.00994255425476,7,1,16.976251657357867,7,47.10697835941371
spring_20210803-3_T9,20210803-3,spring,T9,maze,0.1760057471264367,0.5745721271393643,0.7061781609195402,0,400.0146058478299,146.30375308982045,8,1,258.99668093630765,8,301.7987600016906
winter_20240228-1_T1,20240228-1,winter,T1,maze,0.2974461692538808,0.4948311509303928,0.6367050575863795,0.3685136323658751,978.4363180654736,141.01718770774556,22,1,138.8417260296913,22,585.5761391012608
spring_20210803-3_T8,20210803-3,spring,T8,maze,0.2193958664546899,0.5302713987473904,0.6192368839427663,0.0155038759689922,403.0806129243466,145.5436129404522,6,1,251.8143445086708,6,293.3720330402392
winter_20210912-3_T9,20210912-3,winter,T9,maze,0.8246268656716418,0.7692307692307693,0.126865671641791,0.0909090909090909,108.4427831811649,145.29632889883382,7,1,6.7555092464540625,7,27.44913066319985
winter_20240225-2_T6,20240225-2,winter,T6,maze,0.1547215496368038,0.4154818325434439,0.6934624697336562,0.163751987281399,543.0993018158338,141.7339648950542,8,1,356.7316190344531,8,418.9282504465769
winter_20240303-1_T10,20240303-1,winter,T10,maze,0.1238690420669713,0.1870146678170837,0.5675776513384946,0.3320493066255778,422.5896889495126,139.84310785609685,5,1,236.1657485990719,5,288.83362581626517
winter_20240225-4_T7,20240225-4,winter,T7,maze,0.1726384364820846,0.3086816720257235,0.6960912052117264,0.424,929.7381314463248,140.11901558176953,15,1,202.0379642364809,15,766.6850447014932
winter_20210802-8_T6,20210802-8,winter,T6,maze,1,0.9748549323017408,0.1440397350993377,0.1472081218274111,134.5002926850501,145.39898175104696,0,NA,NA,0,0
spring_20240524-1_T2,20240524-1,spring,T2,maze,0.090303623898139,0.2535919540229885,0.7273261508325172,0.2224669603524229,738.4326393775835,136.38161302267798,9,1,505.75718136565865,9,596.6899632545868
winter_20240223-1_T1,20240223-1,winter,T1,maze,0.1179120296767355,0.2839396628216504,0.701377848436672,0.1815856777493606,856.8490624371258,140.49472179378537,11,3,5.340293131620444,11,679.0537103301901
winter_20240303-3_T2,20240303-3,winter,T2,maze,0.3857608189855747,0.6276923076923077,0.6975337366216845,0.4890419536631183,920.6834670717184,141.18981737645453,25,1,147.8224277133801,25,536.8332869750491
winter_20210803-4_T3,20210803-4,winter,T3,maze,0.2257425742574257,0.4377682403433476,0.5386138613861386,0.0144927536231884,346.9944937264819,145.32792880622003,5,1,233.7690213377712,5,241.8276141003481
winter_20240225-4_T2,20240225-4,winter,T2,maze,0.2354988399071926,0.5426356589147286,0.6258700696055685,0.074074074074074,466.2940313119965,140.5200186574329,7,1,317.6283364702399,7,339.81909752924827
summer_20210802-2_T8,20210802-2,summer,T8,maze,0.1965766719604729,0.5337286879169756,0.7619551791071113,0.3436645396536007,591.7600785104137,141.82978962525516,7,2,29.975283909457335,7,439.1550176064072
winter_20240228-2_T9,20240228-2,winter,T9,maze,0.9683098591549296,0.9262948207171314,0.1161971830985915,0.0846456692913385,118.6391445416742,140.5776127904178,4,1,1.910513647784204,4,6.973569540895372
spring_20210913-1_T6,20210913-1,spring,T6,maze,0.8365650969529086,0.868421052631579,0.1578947368421052,0.0149253731343283,141.60415274755158,146.2292825322292,4,1,2.446635695820096,4,10.370890672920714
spring_20240526-1_T5,20240526-1,spring,T5,maze,0.6294691224268689,0.88107202680067,0.3531960996749729,0.0852173913043478,186.2796837199425,139.48397829703362,4,2,58.77269690906375,4,61.2617162971697
spring_20240520-3_T7,20240520-3,spring,T7,maze,0.1476234003656307,0.2195909580193756,0.5754113345521024,0.3584905660377358,254.6320905235107,140.02757410236688,5,3,4.346573698625726,5,181.68501215310164
spring_20240526-2_T2,20240526-2,spring,T2,maze,0.2203684393465415,0.4756944444444444,0.6996871741397289,0.3251231527093596,766.0926044278267,139.71344411196625,9,3,3.4269077990811474,9,542.333938894351
summer_20210802-7_T6,20210802-7,summer,T6,maze,0.9797101449275364,0.9296187683284456,0.0115942028985507,0.0124610591900311,114.35822125411497,145.38811613325893,1,6,2.181325600405254,1,2.181325600405254
winter_20210910-2_T1,20210910-2,winter,T1,maze,0.3489315661347038,0.585691823899371,0.655937246416013,0.4044764188649081,669.2125885938651,144.34154850609252,13,3,0.03556286490093353,13,326.12324830842806
spring_20210910-1_T3,20210910-1,spring,T3,maze,0.2759910246821241,0.5560975609756098,0.5400149588631264,0.0228571428571428,362.16085223752674,145.50332821096544,5,1,247.67272197824903,5,255.14289890552513
winter_20210802-8_T2,20210802-8,winter,T2,maze,0.6409521147981191,0.8793979866440745,0.7561876526409157,0.6650913852986392,2161.447774582143,145.34705420315322,102,2,2.552593776953837,102,990.1868263421284
spring_20210803-3_T7,20210803-3,spring,T7,maze,0.208803611738149,0.4373401534526854,0.5586907449209932,0.0284090909090909,331.00177493396245,145.92761214884965,7,1,222.8083532413403,7,244.21071450721996
spring_20240520-2_T5,20240520-2,spring,T5,maze,0.204865556978233,0.4092219020172911,0.5556978233034571,0.0069930069930069,314.03093008130145,141.3406680317449,7,1,176.06677573695092,7,217.71558305091725
summer_20210802-5_T10,20210802-5,summer,T10,maze,0.8018018018018018,0.8423236514522822,0.1315315315315315,0.055813953488372,119.81836145756668,143.90997949697424,6,1,1.7940150203995584,6,12.098448755609262
spring_20210913-1_T4,20210913-1,spring,T4,maze,0.3021201413427561,0.548951048951049,0.4946996466431095,0.0063291139240506,264.03827003278457,146.2292825322292,8,1,100.04383555654525,8,178.3616111713506
winter_20240223-1_T5,20240223-1,winter,T5,maze,0.3612990527740189,0.6522988505747126,0.5290933694181326,0.0772357723577235,255.6340360546751,141.5222283649097,6,1,77.87931200048325,6,141.12363295111183
spring_20210803-1_T7,20210803-1,spring,T7,maze,0.9884393063583816,0.940928270042194,0.0867052023121387,0.0785123966942148,122.19370923708536,145.15281570271537,1,10,0.7977054707323744,1,0.7977054707323744
winter_20240303-1_T8,20240303-1,winter,T8,maze,0.7235023041474654,0.7840531561461794,0.3064516129032258,0.1386861313868613,140.65769402297337,140.4136791478262,8,1,2.566332053708412,8,41.03078151929867
winter_20210803-1_T9,20210803-1,winter,T9,maze,0.0174808429118773,0.0615070358601906,0.7362308429118773,0.0321428571428571,1508.497325666899,145.18594779005247,6,1,1387.586712360278,6,1396.7745452064407
spring_20240524-2_T5,20240524-2,spring,T5,maze,0.0422041726389552,0.142286921812632,0.7739024260763391,0.2270408163265306,1277.7552779432751,141.55157517365643,8,1,553.5081027183959,8,1128.6570363973874
spring_20210913-1_T3,20210913-1,spring,T3,maze,0.1689411764705882,0.4354838709677419,0.6498823529411765,0.0635838150289017,627.7176038376546,147.30139709674924,7,1,489.8374916959869,7,505.0468449488256
winter_20210912-1_T2,20210912-1,winter,T2,maze,0.9003215434083601,0.8843537414965986,0.0546623794212218,0.0076335877862595,118.18763471923556,143.19603971185867,5,1,1.7852102900059603,5,8.353495380744874
winter_20240303-1_T4,20240303-1,winter,T4,maze,0.0939870490286771,0.4722814498933902,0.8264569842738205,0.0614406779661017,556.3634173084357,140.5776127904178,4,1,418.7258801643928,4,432.12129378215286
spring_20210912-2_T1,20210912-2,spring,T1,maze,0.2761873780091086,0.5315739868049011,0.654847104749512,0.3261648745519713,635.4419075818272,146.4740891052965,11,1,137.65359518914946,11,462.6034979891761
winter_20210802-3_T2,20210802-3,winter,T2,maze,0.0734487579309603,0.3620140216698534,0.83127217980428,0.1610044313146233,916.755121233056,145.39291923491265,10,1,662.6485297843269,10,771.1927533586645
winter_20210913-1_T1,20210913-1,winter,T1,maze,0.5820825515947468,0.7621407333994054,0.526735459662289,0.36915504511895,343.4391199929966,145.19012471866617,16,2,51.56502300364998,16,102.09836439329136
spring_20210803-1_T6,20210803-1,spring,T6,maze,0.9614325068870524,0.907514450867052,0.046831955922865,0.0248447204968944,115.6284800101011,145.52753279630232,2,3,0.859594167275426,2,3.665205783309011
winter_20240228-3_T3,20240228-3,winter,T3,maze,0.7629310344827587,0.9201183431952664,0.271551724137931,0.0825958702064896,164.7628644087893,139.37353835959786,1,2,39.33570962647653,1,39.33570962647653
spring_20240526-1_T2,20240526-1,spring,T2,maze,0.463536701620591,0.7577169481654048,0.5908007626310772,0.329381443298969,448.0241678193132,139.48397829703362,14,1,96.9242081335058,14,270.33568837241523
winter_20210912-1_T5,20210912-1,winter,T5,maze,0.3936703975299112,0.4816901408450704,0.5889617908143574,0.4716786817713697,635.1553969525811,145.3473537364052,11,3,1.8799902149942835,11,344.90971330746794
winter_20240303-3_T5,20240303-3,winter,T5,maze,0.5532831001076426,0.799249530956848,0.426264800861141,0.1050420168067226,192.65615933705817,141.56358367711152,4,1,1.361742004602036,4,75.90559785990072
winter_20210910-2_T7,20210910-2,winter,T7,maze,0.0542992047713717,0.0890621308764469,0.4740308151093439,0.0804878048780487,422.6002150198215,145.3316842694251,2,1,295.27803187923854,2,297.32262090264305
spring_20210803-8_T6,20210803-8,spring,T6,maze,0.5598821300778783,0.631203007518797,0.4401178699221216,0.3524874662553027,415.1694236208237,144.88396717502758,24,2,2.666788239570923,24,154.08904269874125
winter_20210913-1_T2,20210913-1,winter,T2,maze,0.2946582423894313,0.572,0.569213095921884,0.1262729124236252,455.2312314924181,145.37716982599107,5,1,275.83123739304716,5,327.80268421719967
summer_20210909-1_T5,20210909-1,summer,T5,maze,0.7459677419354839,0.7373271889400922,0.125,0.0697674418604651,112.38738937650314,140.66792721686727,10,1,1.788116613908498,10,28.622305630700836
winter_20240225-4_T3,20240225-4,winter,T3,maze,0.2255965292841648,0.5053995680345572,0.6652205350686913,0.1136363636363636,445.6614305736383,141.0804903403516,7,1,288.2770233513338,7,328.46429899704134
winter_20210912-1_T6,20210912-1,winter,T6,maze,0.4547546012269938,0.5514950166112956,0.5383435582822086,0.4305317324185249,353.62639231884145,145.3598829192118,10,1,157.06330113300416,10,233.31503652299023
spring_20240520-2_T2,20240520-2,spring,T2,maze,0.2503438789546079,0.5368421052631579,0.6079779917469051,0.0919881305637982,488.6673579937312,143.17778175148084,2,1,329.25518336199053,2,361.3812676919607
spring_20210803-4_T3,20210803-4,spring,T3,maze,0.1470896696381751,0.3162260238465526,0.747115888830624,0.4439380127620784,1982.8827893905927,145.2992096636978,21,1,6.727980201942937,21,1671.854392246163
spring_20240520-4_T5,20240520-4,spring,T5,maze,0.5207631874298541,0.8048289738430584,0.4421997755331088,0.1169977924944812,227.64125987270197,141.34066803174488,3,1,45.09936787328045,3,100.139398842692
summer_20210802-5_T1,20210802-5,summer,T1,maze,0.1669386422976501,0.3839750260145682,0.6863577023498695,0.262,1324.4089510108986,141.97375508058946,25,1,80.82334626158575,25,1030.5936233620814
spring_20210910-1_T4,20210910-1,spring,T4,maze,0.1774081774081774,0.5150259067357513,0.6656271656271656,0.0138888888888888,459.6547509840505,145.4321814059821,9,1,305.0575423100583,9,347.8065465892666
winter_20240228-2_T10,20240228-2,winter,T10,maze,0.9390243902439024,0.8958333333333334,0.0634146341463414,0.0364145658263305,113.84517868527924,140.43682186893395,5,1,1.9080005784009877,5,9.39985831148785
winter_20210912-1_T7,20210912-1,winter,T7,maze,0.941952506596306,0.88268156424581,0.0554089709762532,0.0623145400593471,114.19471121697542,145.339833765733,4,2,3.0240215707127263,4,13.577408760739033
spring_20240520-2_T4,20240520-2,spring,T4,maze,0.1628748707342295,0.364,0.6122026887280249,0.0586206896551724,488.2302623702466,141.3406680317449,9,1,309.2073910801323,9,380.15526843914733
spring_20240524-1_T8,20240524-1,spring,T8,maze,0.8848484848484849,0.8871252204585538,0.1409090909090909,0.1175438596491228,131.5695766544914,142.01592282073543,5,1,1.6408007620868337,5,4.497107445183907
summer_20210912-2_T2,20210912-2,summer,T2,maze,0.6733333333333333,0.7864077669902912,0.3133333333333333,0.1627906976744186,166.9192397473673,142.8039089519255,8,2,25.353588654773787,8,43.61671043549816
spring_20240520-3_T3,20240520-3,spring,T3,maze,0.1950594969121855,0.3768689533861037,0.657478535924085,0.3325545171339564,519.8679845315677,141.26434353635986,12,1,1.2592635433816055,12,342.0317856909264
winter_20240303-1_T6,20240303-1,winter,T6,maze,0.0303904597037891,0.0610259433962264,0.5650445598512535,0.1096774193548387,1634.136887132576,140.63533714467178,3,1,980.3668562660692,3,1049.2422621795463
winter_20210802-1_T2,20210802-1,winter,T2,maze,0.0632209081617754,0.3629032258064516,0.8461089210103665,0.0946745562130177,1020.1861487735468,145.35988291921183,4,1,820.1472730436548,4,883.2229122206079
spring_20210803-3_T1,20210803-3,spring,T1,maze,0.355104015481374,0.6273684210526316,0.5403967102080309,0.1745152354570637,503.4521167030736,146.8088560276541,7,1,293.68752891524684,7,374.9621727249868
winter_20210912-2_T5,20210912-2,winter,T5,maze,0.6031746031746031,0.8209876543209876,0.3571428571428571,0.0890410958904109,157.7869517952949,143.94143130800848,6,2,2.5856554287128293,6,53.612135662167255
spring_20240526-1_T4,20240526-1,spring,T4,maze,0.7834645669291339,0.8737113402061856,0.2362204724409448,0.1450189155107188,137.715528184423,139.48397829703362,10,1,1.3569803532928577,10,23.294135751841353
spring_20210910-1_T6,20210910-1,spring,T6,maze,0.266614846482705,0.5940828402366863,0.6715895841430237,0.2562962962962963,407.0724152691657,145.43742460880026,8,1,273.8342543242575,8,281.02690349294363
summer_20210802-1_T8,20210802-1,summer,T8,maze,0.935064935064935,0.9441401971522454,0.3412698412698413,0.3265625,191.4454746188056,143.82020324017788,6,2,1.8648400639111136,6,13.739949186050364
winter_20240228-1_T10,20240228-1,winter,T10,maze,0.155881301394351,0.4254587155963302,0.6882373972112978,0.1103117505995203,566.8474967922873,141.79008823341437,6,1,404.9118290551253,6,441.5830828708921
summer_20210803-1_T7,20210803-1,summer,T7,maze,0.7003470883146934,0.834733893557423,0.5869649055148477,0.5022271714922049,360.4310197564962,141.9658267027003,13,6,10.34978827095273,13,71.01010644644579
winter_20210912-2_T7,20210912-2,winter,T7,maze,0.4506866416978776,0.7073791348600509,0.5093632958801498,0.191860465116279,221.13991930779903,144.68899051609333,6,1,97.03754459933158,6,105.136673285369
summer_20210802-3_T7,20210802-3,summer,T7,maze,0.7846655791190864,0.8848484848484849,0.1924959216965742,0.0560344827586206,125.9561598577956,141.76393014407432,4,8,2.0296806337684186,4,6.793840095678431
winter_20210803-3_T7,20210803-3,winter,T7,maze,0.0727076591154261,0.1648808222173627,0.6711254944264653,0.2337398373983739,467.5240743816213,145.398981751047,4,1,332.7819156151879,4,338.40163876383764
summer_20210802-5_T4,20210802-5,summer,T4,maze,0.56,0.7275449101796407,0.2968421052631579,0.05078125,149.71502335399563,142.90046139817375,7,2,38.7673359630376,7,56.5753264994099
winter_20210912-2_T9,20210912-2,winter,T9,maze,0.8906752411575563,0.8471760797342193,0.0321543408360128,0.0267175572519083,112.72707597825956,145.17061902371674,5,1,7.372946075094885,5,14.85021598633092
winter_20240225-2_T2,20240225-2,winter,T2,maze,0.1503558718861209,0.3724489795918367,0.6512455516014235,0.0135135135135135,424.8277123244308,141.99839258147355,7,1,273.5869141797162,7,331.2853803280631
spring_20240520-3_T6,20240520-3,spring,T6,maze,0.0965530748139443,0.3703374777975133,0.7794751273012143,0.1348547717842323,684.6420192900634,140.02757410236688,7,1,511.9942159299689,7,559.0646387179758
winter_20240225-4_T9,20240225-4,winter,T9,maze,0.9442896935933148,0.8801261829652997,0.116991643454039,0.1057692307692307,112.0936118520913,140.5888548577484,4,1,3.4674627889944025,4,8.771394850949122
winter_20210803-1_T6,20210803-1,winter,T6,maze,0.1757320123596056,0.34106436533621,0.727205846289666,0.4583095374071959,2359.2870570201057,144.07952015139637,36,1,341.8896826846639,36,1643.40428109888
winter_20210910-2_T9,20210910-2,winter,T9,maze,0.6200873362445415,0.7866242038216561,0.314410480349345,0.0608365019011406,152.81059407510992,145.330272536455,3,2,38.72312987144649,3,42.669371181766785
summer_20210803-1_T8,20210803-1,summer,T8,maze,0.1842742325941706,0.2357125337257787,0.6052096446208967,0.4788503253796095,872.4374374451678,141.02029237722587,28,2,132.26353949721909,28,314.4612269308867
spring_20240524-1_T6,20240524-1,spring,T6,maze,0.2352071005917159,0.5146286571642911,0.6713510848126233,0.2639484978540772,667.045501671021,141.8354496887954,9,1,363.56424927096987,9,456.11021550309187
winter_20210803-1_T8,20210803-1,winter,T8,maze,0.0605204029861564,0.2705570291777188,0.808726534753932,0.135593220338983,831.1583926618631,144.05837187885163,6,1,481.4829433714307,6,684.0864168453314
winter_20210802-3_T8,20210802-3,winter,T8,maze,0.2444792210050426,0.6634264884568651,0.7137889062771692,0.2211126961483595,583.8077183987878,144.76974647341316,11,1,277.2372347013742,11,412.16950942309234
summer_20210803-4_T1,20210803-4,summer,T1,maze,0.3375036368926389,0.6229760986892829,0.622636019784696,0.2949389179755672,459.72364104549393,142.3376995696959,11,1,4.857627199986603,11,241.40021054927223
winter_20240303-3_T3,20240303-3,winter,T3,maze,0.2396571002609019,0.5495867768595041,0.6392098397316437,0.125,462.1653428169472,141.3588600022446,8,1,308.8446398648226,8,340.61720590910824
winter_20240228-2_T6,20240228-2,winter,T6,maze,0.93,0.926829268292683,0.2483333333333333,0.164,134.5253717624407,140.5408468186029,5,3,1.725646657965106,5,5.835355264614345
winter_20210912-2_T10,20210912-2,winter,T10,maze,0.8314606741573034,0.7344632768361582,0.0056179775280898,0,103.67364497813574,144.18380974383305,4,1,6.7489639705636435,4,16.174947178283464
summer_20210802-7_T10,20210802-7,summer,T10,maze,0.3175792507204611,0.7425897035881436,0.6305475504322766,0.1217712177121771,368.1269083558769,145.30314135948177,1,1,245.5831718727154,1,245.5831718727154
spring_20240520-1_T1,20240520-1,spring,T1,maze,0.7865045758776124,0.8688365314549429,0.4376451304466603,0.3783454987834549,276.4791290457676,141.34066803174488,14,1,1.0025768437112763,14,101.7449849995979
winter_20210803-1_T5,20210803-1,winter,T5,maze,0.1928727417113361,0.3389290882778581,0.6570379193964662,0.3849789915966387,1498.7922309469698,144.21228336636997,17,1,218.1204503128872,17,1095.2445902265565
spring_20240520-1_T4,20240520-1,spring,T4,maze,0.5565008987417616,0.8073605520414031,0.5832234871180347,0.391153512575889,650.2536016153755,142.09152880184524,18,1,2.0044874916804822,18,303.77881560916234
winter_20240303-2_T6,20240303-2,winter,T6,maze,0.8947368421052632,0.7835497835497836,0.2401315789473684,0.0163043478260869,107.43923970173287,140.55276027195697,6,1,2.8715930077397407,6,17.21809963610137
spring_20210913-1_T5,20210913-1,spring,T5,maze,0.150920245398773,0.3434650455927052,0.596319018404908,0.0087719298245614,368.13056174906944,146.2292825322292,8,1,226.40616019574497,8,289.6164183446995
spring_20240524-1_T1,20240524-1,spring,T1,maze,0.0562412900656977,0.4548192771084337,0.9008560621142744,0.1823104693140794,964.0306430163528,141.3406680317449,7,1,19.02026379437316,7,795.305584328015
spring_20210912-1_T7,20210912-1,spring,T7,maze,0.9663299663299664,0.9463955637707948,0.0892255892255892,0.0741410488245931,123.36648271804252,146.57306821096546,3,5,1.6968008317953425,3,3.022438646892833
winter_20210912-3_T6,20210912-3,winter,T6,maze,0.2057272945123412,0.6928236083165661,0.8213515456506111,0.3821770334928229,650.1482745623723,145.33027253645506,9,2,33.73451758141343,9,328.8948155011792
summer_20210802-3_T5,20210802-3,summer,T5,maze,0.171147292692162,0.4375,0.6728511927300265,0.1428571428571428,300.3371274390442,141.8880676910668,7,3,2.324744595637597,7,169.45303793509686
summer_20210802-1_T6,20210802-1,summer,T6,maze,0.5027472527472527,0.7466504263093788,0.4361263736263736,0.1378340365682137,341.26661279013524,143.91803814952232,2,1,178.48972615712134,2,188.2397173631871
spring_20210803-8_T7,20210803-8,spring,T7,maze,0.6094177597433236,0.7568417159763313,0.8298889622849234,0.7882127703611714,487.8234052806495,144.92323558559588,36,2,3.180310837810519,36,150.23607847230093
summer_20210803-1_T5,20210803-1,summer,T5,maze,0.6507754164273406,0.802887633396108,0.5425043078690408,0.4297815425769059,462.4525323661785,141.836286466252,21,2,43.34428432955937,21,143.56891266605993
spring_20240520-1_T8,20240520-1,spring,T8,maze,0.4852135815991237,0.742409402546523,0.4408543263964951,0.1415628539071347,203.65149173731916,143.15171736062905,9,1,1.642662942358806,9,80.28251377766244
summer_20210909-1_T6,20210909-1,summer,T6,maze,0.7052631578947368,0.6775956284153005,0.0368421052631578,0.0461538461538461,98.29706496399668,141.8148684677059,9,1,6.851389424171551,9,35.14457979416025
winter_20210802-8_T7,20210802-8,winter,T7,maze,0.0521045800111255,0.114334837739093,0.568607454107176,0.0379746835443038,579.7492689973762,145.26053746444177,2,1,453.19816376587403,2,453.8289457265233
winter_20210912-1_T3,20210912-1,winter,T3,maze,0.9787234042553192,0.9080118694362018,0.1037234042553191,0.0670731707317073,116.19613709732796,145.3598829192118,1,7,2.5728663307045787,1,2.5728663307045787
winter_20240225-4_T10,20240225-4,winter,T10,maze,0.3488888888888889,0.5518867924528302,0.5288888888888889,0.0677290836653386,335.6043149441441,140.40300250833616,7,1,204.7055796992644,7,240.6885560450492
winter_20210912-3_T7,20210912-3,winter,T7,maze,0.9523809523809524,0.8697318007662835,0.0439560439560439,0.021551724137931,113.70674483342331,144.3451506637849,2,7,2.1868266676257693,2,4.706815063758931
winter_20240225-2_T8,20240225-2,winter,T8,maze,0.943661971830986,0.8587786259541985,0.0774647887323943,0.0890688259109311,109.39141181877253,141.91383081030477,3,1,2.234787155547505,3,6.473099287491332
spring_20240526-2_T5,20240526-2,spring,T5,maze,0.7397849462365591,0.8688046647230321,0.2623655913978495,0.0716510903426791,168.9984286522614,139.71344411196625,3,2,34.94816113359332,3,38.16698937729811
spring_20240526-2_T9,20240526-2,spring,T9,maze,0.2963224893917963,0.58984375,0.637906647807638,0.2524752475247525,490.3762153354397,139.71344411196625,11,1,1.344219850824587,11,330.771949439609
spring_20240520-2_T10,20240520-2,spring,T10,maze,0.8801652892561983,0.8132780082987552,0.0041322314049586,0.0050761421319796,105.07904214855692,140.86161401057473,5,1,6.424961588096901,5,14.360676534203364
winter_20210910-1_T2,20210910-1,winter,T2,maze,0.2560532687651332,0.5170940170940171,0.5750605326876513,0.0763358778625954,451.51692625920975,145.33976095179997,5,1,275.2049129330549,5,328.17776026763835
summer_20210802-5_T6,20210802-5,summer,T6,maze,0.6845794392523364,0.8591065292096219,0.3200934579439252,0.0808823529411764,117.8279932441538,142.5899918509421,4,1,1.6905038914566528,4,8.504721891544497
winter_20210803-1_T1,20210803-1,winter,T1,maze,0.1237960339943342,0.2369165487977369,0.5994334277620397,0.2061611374407582,598.6555762637663,144.7887350622764,12,1,412.6682457106692,12,454.2079497552668
spring_20210913-2_T3,20210913-2,spring,T3,maze,0.3193103448275862,0.6,0.5413793103448276,0.0993227990970654,278.2875942180135,145.28491786202633,5,1,154.15040097687384,5,162.66050742743255
summer_20210803-4_T3,20210803-4,summer,T3,maze,0.8160741885625966,0.9338487972508592,0.4003091190108191,0.3063178047223995,282.0301904734734,141.34420608281494,12,5,0.7048109428854928,12,50.4347200425077
winter_20210913-1_T7,20210913-1,winter,T7,maze,0.903448275862069,0.8768844221105527,0.0850574712643678,0.079155672823219,117.7000933447167,146.4014242694251,5,3,1.8027686437360777,5,13.52171638163003
spring_20240524-2_T4,20240524-2,spring,T4,maze,0.2598727459429372,0.3972973795538241,0.6846767305496109,0.5175370514099863,5374.821475438844,141.5515751736565,45,1,66.09922230403626,45,4532.037345803943
summer_20210802-5_T7,20210802-5,summer,T7,maze,0.4661425763802037,0.5689981096408318,0.6219403251742005,0.2995927865037813,825.2381852390761,142.590312052647,10,2,26.90971409691289,10,380.0917081851403
winter_20240223-1_T2,20240223-1,winter,T2,maze,0.1707085116500237,0.43125,0.6956728483119353,0.1533742331288343,587.6723970941707,139.99149385263405,10,1,311.3912683345427,10,441.2961724824908
spring_20240520-1_T2,20240520-1,spring,T2,maze,0.4344188825814162,0.5789817232375979,0.54227666567075,0.3840277777777778,490.135664837348,143.15171736062905,26,3,4.685147927502457,26,152.37582617889993
winter_20240303-3_T9,20240303-3,winter,T9,maze,0.0210081190798376,0.3073794305636258,0.9417794316644114,0.1094276094276094,904.04219178645,141.49512609080858,2,1,721.3739366990917,2,773.3122156331929
winter_20240228-2_T3,20240228-2,winter,T3,maze,0.6476002629848784,0.8468677494199536,0.4332675871137409,0.2307692307692307,243.9035526633764,140.53090012775414,3,1,95.6720902228805,3,97.30492541227096
spring_20210803-1_T5,20210803-1,spring,T5,maze,0.968944099378882,0.937888198757764,0,0,119.40922285912868,146.59838577930762,3,2,2.3445946375017996,3,5.375118175568149
winter_20240228-2_T4,20240228-2,winter,T4,maze,0.9834254143646408,0.9643463497453312,0.18646408839779,0.0926517571884984,125.5877312899079,140.4345958369238,1,12,0.18641339769732768,1,0.18641339769732768
spring_20210803-3_T5,20210803-3,spring,T5,maze,0.1710526315789473,0.4501160092807424,0.6455592105263158,0.010204081632653,384.2389556638983,146.78773471926272,7,1,243.27325906758844,7,287.0912756034132
spring_20210803-4_T5,20210803-4,spring,T5,maze,0.8454545454545455,0.8956780923994039,0.2375,0.1800818553888131,177.228307175214,145.94111112859028,6,2,27.368754473387614,6,33.294488131140675
winter_20240225-1_T9,20240225-1,winter,T9,maze,0.3407234539089848,0.5763440860215053,0.4574095682613769,0.0530035335689045,340.4821674995589,142.14576367793927,9,1,189.19179636453052,9,241.2723718193933
winter_20210913-1_T10,20210913-1,winter,T10,maze,0.9225352112676056,0.8534798534798534,0.0387323943661971,0.0450819672131147,113.15969878835314,145.19012471866623,4,2,1.7288623999822317,4,9.454439600467502
winter_20210802-8_T1,20210802-8,winter,T1,maze,0.4350615827125894,0.6753916877755887,0.7379600265506305,0.5911517492049069,2437.6940609378157,145.33976095179992,53,5,5.055901751628559,53,1370.6911532621712
spring_20210912-1_T9,20210912-1,spring,T9,maze,0.3131578947368421,0.5594125500667557,0.5072368421052632,0.0647321428571428,344.0572264428384,147.3355204891121,2,1,225.3720193129063,2,226.32652722465284
winter_20210912-3_T3,20210912-3,winter,T3,maze,0.3369883040935672,0.5368421052631579,0.6875,0.4730195177956372,652.8313129318685,145.30795537131806,16,2,1.1781339931800343,16,360.9937382055697
summer_20210802-2_T9,20210802-2,summer,T9,maze,0.0639003629991238,0.3966844286560094,0.8942921517085993,0.3346573982125124,624.8715652446397,141.78476413447822,5,1,417.14437822772015,5,484.4018313934144
winter_20210912-3_T8,20210912-3,winter,T8,maze,0.6330935251798561,0.652027027027027,0.290167865707434,0.2341269841269841,175.26415807631426,145.3771698259911,7,1,49.04873264424353,7,69.80069864090484
winter_20240228-3_T9,20240228-3,winter,T9,maze,0.966183574879227,0.9111747851002864,0.1570048309178744,0.1239669421487603,116.38560086569048,139.12975572452282,3,1,3.4639618329851434,3,7.024926078981848
summer_20210803-4_T4,20210803-4,summer,T4,maze,0.9860335195530726,0.9637681159420288,0.0363128491620111,0.0376266280752532,118.37153767906555,142.0206029468835,2,2,2.124211710515722,2,2.563191233247111
spring_20240524-3_T10,20240524-3,spring,T10,maze,0.9273182957393484,0.8897243107769424,0,0,110.1437298693654,139.48397829703362,6,1,2.844819202756163,6,8.196805105391153
winter_20210803-3_T9,20210803-3,winter,T9,maze,0.8997050147492626,0.8356164383561644,0.1386430678466076,0.1159420289855072,111.29441722912183,145.398981751047,5,1,6.553943170401071,5,18.504745883997177
winter_20240228-1_T8,20240228-1,winter,T8,maze,0.5758706467661692,0.7543186180422264,0.3519900497512437,0.1108597285067873,190.2671185925319,141.08089576763257,5,1,3.10220556279812,5,69.0968445215683
summer_20210802-7_T2,20210802-7,summer,T2,maze,0.8990318118948825,0.977391304347826,0.2047026279391424,0.1177394034536891,128.98108548747476,145.2939588117974,1,9,1.551250153895484,1,1.551250153895484
summer_20210803-4_T6,20210803-4,summer,T6,maze,1,0.9883720930232558,0.0398724082934609,0.0403225806451612,118.77020189064508,141.11476664327273,0,NA,NA,0,0
winter_20210913-1_T5,20210913-1,winter,T5,maze,0.5425414364640884,0.776735459662289,0.411049723756906,0.1428571428571428,182.11973919599453,145.3079553713181,7,2,2.0559696963721508,7,69.78634082984479
winter_20240303-2_T3,20240303-2,winter,T3,maze,0.1949215832710978,0.4206349206349206,0.6235997012696042,0.0407239819004524,479.23788793635697,140.14461251932795,7,1,286.85425288774684,7,376.38603137170867
winter_20210913-1_T8,20210913-1,winter,T8,maze,0.9094076655052264,0.8642857142857143,0.024390243902439,0.0281124497991967,111.03642319916806,144.68598156437363,4,3,5.3531126454490465,4,15.37536549366972
winter_20240225-4_T8,20240225-4,winter,T8,maze,0.3444730077120823,0.523109243697479,0.5921165381319623,0.3306451612903225,393.10343616349,141.96514974504746,8,1,3.1810677010775517,8,265.4094717034897
spring_20210913-1_T10,20210913-1,spring,T10,maze,0.9441489361702128,0.8870523415977961,0.0345744680851063,0.0092307692307692,121.50065130588187,146.2292825322292,3,1,2.8645367724297945,3,6.304245191142294
winter_20210910-1_T4,20210910-1,winter,T4,maze,0.7378048780487805,0.8668683812405447,0.4242160278745644,0.3003663003663003,300.47730933531125,145.32792880622006,9,2,31.366386264714723,9,80.0214408199652
winter_20210913-1_T6,20210913-1,winter,T6,maze,0.926056338028169,0.8659420289855072,0.028169014084507,0.0323886639676113,113.32281874888224,145.39898175104696,3,5,5.124813891227356,3,9.830509987258504
summer_20210802-1_T5,20210802-1,summer,T5,maze,0.2982456140350877,0.6560196560196561,0.5958291956305859,0.1080178173719376,391.189072791528,144.110093040922,3,1,256.1974697337202,3,257.32794296633017
spring_20240524-3_T3,20240524-3,spring,T3,maze,0.1537088962528677,0.3423212192262602,0.673846546010706,0.2626262626262626,542.9693272294252,139.48397829703362,7,1,363.78868444603415,7,400.26873761555066
winter_20210912-3_T4,20210912-3,winter,T4,maze,0.1500733598826241,0.1868595539481615,0.6522741563613498,0.5345345345345346,642.2765335799016,144.04970192135562,12,1,2.0910775719952412,12,402.63841403191105
spring_20240526-1_T1,20240526-1,spring,T1,maze,0.2043795620437956,0.5140740740740741,0.7043795620437956,0.2516175413371675,713.7543680301952,139.48397829703362,7,1,433.0371928839648,7,556.4750591674391
spring_20210803-8_T8,20210803-8,spring,T8,maze,0.2696105320899616,0.4372990353697749,0.5735052111903456,0.228149829738933,361.0448903098624,144.95511398001088,20,2,2.409423608334563,20,202.62845351707057
winter_20240228-3_T7,20240228-3,winter,T7,maze,0.9926739926739928,0.9560669456066946,0.1245421245421245,0.0896414342629482,118.34266115265284,139.26499276457352,1,7,1.184382565530241,1,1.184382565530241
spring_20210912-2_T4,20210912-2,spring,T4,maze,0.1755844155844156,0.552212389380531,0.7064935064935065,0.0340557275541795,499.04516001483,146.77729703212452,3,1,291.9186523725514,3,379.0660296209825
spring_20240526-3_T7,20240526-3,spring,T7,maze,0.7802964254577158,0.8548931383577053,0.2249346120313862,0.1402714932126696,148.92923650819702,139.80157522258443,7,1,1.5537487700247516,7,20.039997055238807
winter_20240228-2_T1,20240228-2,winter,T1,maze,0.3688524590163934,0.6125528062764032,0.6329198050509526,0.3742293464858199,937.3286478095264,141.58857805679864,21,1,0.173963514823047,21,544.2533181275641
summer_20210909-1_T1,20210909-1,summer,T1,maze,0.26049766718507,0.5751503006012024,0.6119751166407466,0.1059190031152648,312.80522297068603,142.12637247401645,9,1,182.49930884725097,9,201.21548860421015
winter_20210802-8_T8,20210802-8,winter,T8,maze,0.0060184474792423,0.0114108258404651,0.5278502378394967,0.0424242424242424,1331.673694944477,145.3227105861348,4,1,1177.4277358849165,4,1193.1176093807574
summer_20210802-2_T1,20210802-2,summer,T1,maze,0.1968921389396709,0.4269957983193277,0.6519195612431444,0.2279202279202279,601.1468946220384,141.88372293895895,8,1,356.25474895373833,8,441.8924032348954
spring_20240520-2_T8,20240520-2,spring,T8,maze,0.8177339901477833,0.7258883248730964,0.0295566502463054,0.0402684563758389,102.24052590661508,141.34066803174494,6,1,7.1195156202795244,6,17.49834613892519
winter_20210910-2_T6,20210910-2,winter,T6,maze,0.0508253287326307,0.0953779866823345,0.523827287139793,0.0947955390334572,589.0237751521439,144.3451506637849,6,1,424.4130373296461,6,454.0582453837027
spring_20210912-2_T8,20210912-2,spring,T8,maze,0.8013029315960912,0.82421875,0.1661237785016286,0.0982905982905982,117.24113544791892,145.55724813429387,7,1,6.52524343634735,7,21.69688072413225
spring_20240526-2_T7,20240526-2,spring,T7,maze,0.2807663964627855,0.6437246963562753,0.6359616801768607,0.1092436974789916,449.0559256327903,139.71344411196625,5,2,29.90283942513184,5,320.76183181867293
spring_20210912-2_T7,20210912-2,spring,T7,maze,0.1688790560471976,0.4432773109243697,0.6489675516224189,0.0365296803652968,400.39380458085,145.55724813429387,9,1,236.66743496735884,9,307.16990668392907
winter_20210802-1_T3,20210802-1,winter,T3,maze,0.0311355915432567,0.3598553345388788,0.9270424486295722,0.1440860215053763,1751.0749748556211,145.26053746444177,3,1,1577.9301646517986,3,1578.8618625640636
spring_20210912-1_T1,20210912-1,spring,T1,maze,0.6231281198003328,0.8447121820615796,0.3785357737104825,0.1438263229308005,199.3386517765651,144.36244140598214,7,2,52.91467282531838,7,57.39329447349212
winter_20210913-1_T4,20210913-1,winter,T4,maze,0.7054195804195804,0.8330849478390462,0.4134615384615384,0.2941919191919191,298.9800904314744,145.39898175104696,12,2,31.36944987958686,12,85.62315710703142
winter_20210912-1_T10,20210912-1,winter,T10,maze,0.9044368600682594,0.8461538461538461,0.0238907849829351,0.0281124497991967,107.25258335380724,145.30795537131806,4,1,6.817915735862929,4,16.516753725054127
spring_20240520-2_T3,20240520-2,spring,T3,maze,0.1654357459379616,0.3416898792943361,0.6022895125553914,0.1401869158878504,661.4325243612113,141.78928357575043,8,1,467.7766491195738,8,526.1313103554336
summer_20210802-7_T7,20210802-7,summer,T7,maze,0.182766439909297,0.5316804407713499,0.6707482993197279,0.0127877237851662,420.72804272224505,144.10710761337063,2,1,300.59174283307357,2,302.61450904770396
spring_20240524-2_T9,20240524-2,spring,T9,maze,0.0450143941376603,0.1477111845210004,0.722716566343889,0.0572289156626506,423.7024735731748,141.0065909394008,7,1,266.90344602258375,7,311.9424721454197
spring_20240520-2_T1,20240520-2,spring,T1,maze,0.3334542157751586,0.5128558310376492,0.6050770625566636,0.3710585585585585,1284.6393439651451,143.17778175148084,43,3,1.2469803409290376,43,767.4817232380682
winter_20210802-1_T5,20210802-1,winter,T5,maze,0.9679358717434868,0.9288888888888888,0.0981963927855711,0.0932754880694143,123.7791102828244,144.22658889883377,4,2,2.0125108228140505,4,5.930883209568903
spring_20210803-4_T2,20210803-4,spring,T2,maze,0.8714241293532339,0.9509004739336492,0.5899409203980099,0.5487585462396546,1334.694083032632,145.77669041544988,54,1,8.720007887634488,54,153.15140056845658
spring_20240526-2_T1,20240526-2,spring,T1,maze,0.1259445843828715,0.2913211719181868,0.7468513853904282,0.3872093023255814,2005.847637353532,139.71344411196625,26,1,1001.0795035250776,26,1649.532487826836
spring_20240520-4_T7,20240520-4,spring,T7,maze,0.9770642201834864,0.9414893617021276,0.1376146788990825,0.1386861313868613,117.77552090339354,141.3406680317449,2,1,2.268512871785473,2,4.086980430090774
winter_20210803-3_T6,20210803-3,winter,T6,maze,0.0640868499387147,0.2717678100263852,0.8009105235510419,0.1221590909090909,416.239415962661,145.41489066378492,3,1,307.1175454949703,3,310.42184555831847
winter_20210912-2_T6,20210912-2,winter,T6,maze,0.7943037974683544,0.8403041825095057,0.1677215189873417,0.0307017543859649,123.84115247625546,143.92414440122923,2,7,3.1347237103254413,2,14.958910773502478
summer_20210802-2_T2,20210802-2,summer,T2,maze,0.2503401360544218,0.5454545454545454,0.6587755102040816,0.2441988950276243,574.9937882397145,141.8904127152085,9,2,53.452026843146704,9,415.00541799182497
summer_20210909-1_T10,20210909-1,summer,T10,maze,0.6176470588235294,0.5588235294117647,0,0,94.42014053600114,140.83610618590137,8,1,6.202228644737694,8,32.23407412459792
summer_20210803-3_T3,20210803-3,summer,T3,maze,0.8945578231292517,0.8373702422145328,0.0170068027210884,0.0041152263374485,110.81545203470546,141.16183594695823,5,2,2.4402050107668822,5,10.666098215053555
spring_20210803-8_T1,20210803-8,spring,T1,maze,0.0402536350716081,0.0478588113158577,0.5787689952990052,0.4939626783754116,5084.5286790478285,145.26336058593068,27,1,17.180142159120965,27,4448.84185843252
summer_20210802-1_T10,20210802-1,summer,T10,maze,0.9234449760765552,0.8995215311004785,0,0,117.0917950639842,143.16706694589502,5,5,1.3117199862359226,5,6.706459712066895
summer_20210803-1_T6,20210803-1,summer,T6,maze,0.6635220125786163,0.8867924528301887,0.3333333333333333,0.0716049382716049,116.82847934440564,142.04638913573132,3,3,12.06514164532368,3,24.62309542913704
spring_20240520-2_T7,20240520-2,spring,T7,maze,0.8810572687224669,0.7892376681614349,0.0176211453744493,0.0222222222222222,105.16147739280296,141.34066803174494,4,1,6.629604481584657,4,11.431845994183302
winter_20210912-3_T2,20210912-3,winter,T2,maze,0.1515637530072173,0.4367666232073012,0.6924619085805934,0.0175953079178885,497.0550957893066,145.3473537364052,6,1,330.65252834330624,6,379.2859318753983
summer_20210802-5_T5,20210802-5,summer,T5,maze,0.9158878504672896,0.8066037735849056,0.0093457943925233,0,93.16058772495388,142.56822389244795,3,3,5.4228758181329955,3,9.185329837690697
summer_20210802-1_T7,20210802-1,summer,T7,maze,0.2676299331464309,0.457516339869281,0.6370498166918266,0.3625827814569536,668.2532915234997,143.95325489007163,12,1,7.214709468710264,12,372.71372023208585
winter_20240303-2_T10,20240303-2,winter,T10,maze,0.8955223880597015,0.783410138248848,0.1902985074626865,0.1584158415841584,106.72823020265932,140.03436688250946,5,1,3.449221892544003,5,17.636338257115405
spring_20210913-1_T9,20210913-1,spring,T9,maze,0.3892128279883382,0.6929955290611028,0.510932944606414,0.1142857142857142,361.197809566354,146.2292825322292,7,1,221.24079863474384,7,234.41551520698903
spring_20240524-1_T4,20240524-1,spring,T4,maze,0.0485374990037459,0.0922020598332516,0.8374910337132382,0.4050632911392405,3248.5070441944786,142.1330782921529,52,8,12.491561759026771,52,2494.56040618836
winter_20210910-1_T7,20210910-1,winter,T7,maze,0.9018691588785048,0.8696808510638298,0.1214953271028037,0.128,117.44161358113682,145.3473537364052,5,1,6.3520471155378555,5,17.188452306178327
summer_20210802-3_T1,20210802-3,summer,T1,maze,0.1132711249351995,0.4468531468531468,0.814670813893209,0.2587006960556844,965.7962466755864,141.96252107344398,9,1,178.42517933825505,9,786.9747674156138
winter_20210803-3_T10,20210803-3,winter,T10,maze,0.9228295819935692,0.8402777777777778,0.0739549839228295,0.0509803921568627,111.20903040028992,145.29632889883382,3,1,6.787663759872804,3,12.1926381376204
winter_20240225-1_T10,20240225-1,winter,T10,maze,0.8029556650246306,0.7135135135135136,0.0886699507389162,0.0503597122302158,110.75697172667525,140.0509786355613,8,1,2.1897630737453673,8,22.481911574638875
spring_20240526-1_T9,20240526-1,spring,T9,maze,0.9399141630901288,0.9101654846335696,0.0922746781115879,0.0898345153664302,119.41397520280584,139.71344411196625,3,4,1.2785114928188692,3,3.0328315426867394
winter_20240228-2_T2,20240228-2,winter,T2,maze,0.7941988950276243,0.8747514910536779,0.3052486187845304,0.2156862745098039,160.29595470557655,140.55628238675772,7,1,1.3272765645480973,7,24.939179511381777
summer_20210802-1_T4,20210802-1,summer,T4,maze,1,0.973520249221184,0.0403587443946188,0.0414110429447852,121.5585641124078,144.110093040922,0,NA,NA,0,0
winter_20240303-2_T2,20240303-2,winter,T2,maze,0.8464912280701754,0.7098445595854922,0.1535087719298245,0.1045751633986928,104.0206588282055,139.42886450186234,6,1,6.269401184807837,6,19.99538285708541
spring_20240524-3_T2,20240524-3,spring,T2,maze,0.2758891727254863,0.5975680370584829,0.6606405973668698,0.2586206896551724,564.5294078556499,141.62086109256322,5,1,398.8755056536206,5,416.8819086810972
summer_20210803-4_T5,20210803-4,summer,T5,maze,1,0.9877300613496932,0.037780401416765,0.038231780167264,120.49664728211928,141.2205816874282,0,NA,NA,0,0
spring_20240520-1_T5,20240520-1,spring,T5,maze,0.4353741496598639,0.4803921568627451,0.3061224489795918,0.02,121.07500417730888,142.09152880184524,5,1,6.429396832669395,5,55.58420941381583
winter_20210803-1_T4,20210803-1,winter,T4,maze,0.1721346859486294,0.3268371904181892,0.7341895100366933,0.4789644012944983,1519.6783837226214,143.59887479676223,16,1,404.2780573705321,16,1126.5412996102275
spring_20240526-3_T2,20240526-3,spring,T2,maze,0.2855505408696898,0.544599745870394,0.7181030159753564,0.4542908072319837,2382.2331305291677,139.80157522258443,39,1,332.21488023346836,39,1665.9916784953414
spring_20210913-1_T1,20210913-1,spring,T1,maze,0.2563025210084033,0.6241258741258742,0.6566626650660264,0.1206896551724138,435.3308722293584,147.30139709674924,9,1,256.25567590742605,9,304.5570777289548
winter_20240303-3_T4,20240303-3,winter,T4,maze,0.3638100315429384,0.5644869942196532,0.7540539339819627,0.6150529687115053,3798.005479575576,141.49512609080858,46,1,193.13073535056387,46,2866.6784236974254
summer_20210802-5_T2,20210802-5,summer,T2,maze,0.6248462484624846,0.7644859813084112,0.3419434194341943,0.1770623742454728,180.8117069494442,141.86669842658762,7,1,38.66097862116788,7,53.48763353640606
winter_20210802-1_T7,20210802-1,winter,T7,maze,0.0656680020902281,0.4242021276595745,0.8690123671834176,0.0911680911680911,530.9981424543187,145.37716982599107,6,1,396.2885966306815,6,411.7860323965961
winter_20210802-3_T9,20210802-3,winter,T9,maze,0.264259335248256,0.548460661345496,0.6401313089864588,0.2328548644338118,427.30378494142064,144.76876063871995,4,1,280.06637559524256,4,285.71118043950344
spring_20210912-2_T6,20210912-2,spring,T6,maze,0.241446725317693,0.5026178010471204,0.7199413489736071,0.3974895397489539,682.4692478085353,145.55724813429387,20,2,61.99193064608865,20,485.9982081187947
spring_20240520-4_T6,20240520-4,spring,T6,maze,0.2055692055692055,0.4328358208955223,0.561015561015561,0.0042918454935622,366.80504213131775,141.34066803174488,4,1,176.97060234064992,4,253.7705840697696
winter_20210803-3_T3,20210803-3,winter,T3,maze,0.5168539325842697,0.8179723502304147,0.4866942637492608,0.1791907514450867,242.1663056898045,145.37716982599105,16,3,1.623276565832156,16,66.57391418367351
summer_20210803-1_T9,20210803-1,summer,T9,maze,0.8164539777355416,0.91983780411728,0.5647569915829487,0.5036189193738427,924.564306078074,141.1273490312277,19,7,2.0676306492765355,19,181.596713876516
winter_20210802-3_T6,20210802-3,winter,T6,maze,0.0958549222797927,0.3068574247656635,0.7374352331606218,0.1420689655172413,908.3931127311916,144.8873013574478,12,1,609.0858987176165,12,761.5621656323596
winter_20210802-1_T10,20210802-1,winter,T10,maze,0.7457098283931357,0.9068736141906872,0.296411856474259,0.0991189427312775,188.60496467478816,144.34515066378492,3,1,52.431276414233935,3,56.57340065717566
summer_20210909-1_T8,20210909-1,summer,T8,maze,0.9014308426073132,0.8716475095785441,0.1701112877583465,0.1681901279707495,174.2545887917936,142.06587965872208,11,1,1.8337775559016951,11,17.890596324038807
spring_20210912-2_T5,20210912-2,spring,T5,maze,0.8016194331983806,0.7801724137931034,0.0607287449392712,0,116.18159107420604,146.77729703212452,6,2,2.1890753489114454,6,21.32109908006353
spring_20240526-3_T9,20240526-3,spring,T9,maze,0.9486607142857144,0.909952606635071,0.0580357142857142,0.0634146341463414,116.05168499082208,139.80157522258443,3,1,6.4795213493688415,3,10.181929779663044
winter_20210912-2_T1,20210912-2,winter,T1,maze,0.1181423139598044,0.3306693306693307,0.7281368821292775,0.1966019417475728,804.6951846851731,143.94143130800848,6,1,592.8016290696953,6,661.6613449060083
winter_20210910-1_T1,20210910-1,winter,T1,maze,0.5415486307837583,0.7070422535211267,0.4971671388101983,0.3365638766519824,338.3911889635019,145.30795537131806,19,1,1.0889935430095772,19,106.527452896975
spring_20240526-1_T7,20240526-1,spring,T7,maze,0.9114173228346456,0.9322799097065464,0.1279527559055118,0.0883002207505518,121.80280599728614,139.71344411196625,5,1,2.22998266530554,5,7.027547311930906
spring_20210912-1_T2,20210912-1,spring,T2,maze,0.7161616161616161,0.9084194977843428,0.3161616161616161,0.1125541125541125,169.7864532533321,146.5019214059821,4,2,35.99006404150351,4,37.9269703404327
summer_20210803-4_T2,20210803-4,summer,T2,maze,0.935514918190568,0.9655172413793104,0.1626564003849855,0.1129883843717001,149.73503461580682,141.28014544802872,2,1,2.875013809428728,2,4.843326826524221
spring_20240520-2_T6,20240520-2,spring,T6,maze,0.4242761692650334,0.525,0.465478841870824,0.28,324.1497277531912,141.3406680317449,10,1,158.80653714628738,10,181.5420725472139
summer_20210802-1_T3,20210802-1,summer,T3,maze,0.3967297762478485,0.5424836601307189,0.3416523235800344,0.0715883668903803,143.2546192029112,144.110093040922,3,5,1.8564840200862496,3,23.428764877656445
winter_20240225-1_T6,20240225-1,winter,T6,maze,0.3361934477379095,0.5075471698113208,0.5865834633385335,0.2845744680851064,417.4598229029471,140.63226900418735,9,1,241.70428700849283,9,297.56937317205234
winter_20210803-3_T1,20210803-3,winter,T1,maze,0.2211581291759465,0.3847953216374269,0.7143652561247216,0.4909747292418772,1619.3078980321295,145.34705420315325,28,2,25.661664196226923,28,1120.3887093624123
spring_20210803-1_T8,20210803-1,spring,T8,maze,0.9514925373134328,0.9289693593314764,0.1069651741293532,0.0998650472334682,127.46108248843264,144.84238572766603,5,2,2.5111009766360843,5,6.7867705263385
spring_20210803-1_T10,20210803-1,spring,T10,maze,0.9289099526066352,0.8944591029023746,0.1018957345971564,0.0862533692722372,111.99971761345056,146.93876773498084,5,1,6.088487399413655,5,19.804526927728364
summer_20210803-1_T3,20210803-1,summer,T3,maze,0.6462053571428571,0.751131221719457,0.2600446428571428,0.1154529307282415,160.40329611652385,142.2631284726085,6,7,8.043834172940834,6,31.91466167265664
spring_20240526-1_T3,20240526-1,spring,T3,maze,0.5548293391430646,0.77625,0.4190268700072622,0.1839684625492772,208.8464823527893,139.48397829703362,15,1,1.685331657077525,15,86.66304413619518
winter_20210803-3_T8,20210803-3,winter,T8,maze,0.0565320041972717,0.1226974711208242,0.5798793284365162,0.0552884615384615,484.6681098149671,145.32792880622006,4,1,360.82796617980824,4,363.31632524064133
winter_20240303-3_T6,20240303-3,winter,T6,maze,0.4332313965341488,0.7325102880658436,0.5045871559633027,0.0404312668463611,271.7041270643287,141.6301548682975,2,1,125.11489664802734,2,153.40965997264058
winter_20240303-2_T7,20240303-2,winter,T7,maze,0.9424920127795527,0.8478260869565217,0.1182108626198083,0.0126582278481012,108.0994116707649,139.34662045760751,4,1,1.3174168649557658,4,6.937733389127746
spring_20210912-2_T3,20210912-2,spring,T3,maze,0.2573443008225617,0.547945205479452,0.5710928319623971,0.0566037735849056,466.6594083568293,145.95992020509215,9,1,292.76301059430733,9,344.0138401946455
spring_20240526-3_T1,20240526-3,spring,T1,maze,0.4288174512055109,0.7887700534759359,0.5706084959816303,0.2005420054200542,275.1794602158625,139.83503254174235,11,1,0.9713709075670284,11,113.6612286853911
summer_20210802-7_T9,20210802-7,summer,T9,maze,0.9761092150170648,0.903114186851211,0.0136518771331058,0.0150943396226415,112.8527920114079,145.30314135948177,1,6,2.4535271862228454,1,2.4535271862228454
summer_20210803-3_T1,20210803-3,summer,T1,maze,0.1699550017307026,0.4387019230769231,0.7120110764970579,0.231578947368421,588.3067328302252,141.07272983716672,11,1,0.4743941623876244,11,440.0486097399731
summer_20210802-7_T3,20210802-7,summer,T3,maze,0.1503157894736842,0.6469968387776607,0.8002105263157895,0.1315417256011315,696.1764842389647,144.15458957767302,5,1,0.405929072184714,5,547.1472157462296
spring_20210912-1_T10,20210912-1,spring,T10,maze,0.9725738396624471,0.9368191721132898,0.0316455696202531,0.0337078651685393,117.65899478753764,146.37611521047918,2,3,5.877068296543199,2,8.106034945548823
winter_20240228-1_T4,20240228-1,winter,T4,maze,0.744776119402985,0.8057553956834532,0.3776119402985075,0.25,166.25528116779472,140.08995002957468,4,1,1.332489342068512,4,41.41887218049036
winter_20240303-2_T1,20240303-2,winter,T1,maze,0.7033383915022762,0.8042553191489362,0.4650986342943854,0.3313679245283019,389.1667501550825,139.939321621626,13,3,0.6419883607710744,13,74.39934518069653
spring_20240520-4_T9,20240520-4,spring,T9,maze,0.9822485207100592,0.9288025889967636,0.0857988165680473,0.0917721518987341,115.0899096229143,141.34066803174494,1,1,2.5715862743090083,1,2.5715862743090083
winter_20210910-2_T4,20210910-2,winter,T4,maze,0.2804347826086956,0.5423728813559322,0.5297101449275362,0.0434782608695652,359.17693616729827,144.2265888988338,3,1,235.18370277878407,3,239.95698997908596
spring_20240524-1_T7,20240524-1,spring,T7,maze,0.2580060422960725,0.4645962732919255,0.513595166163142,0.0900243309002433,376.832602959958,142.01592282073543,4,1,247.18274211732717,4,252.23459144979532
spring_20240526-2_T4,20240526-2,spring,T4,maze,0.2121996303142329,0.5234042553191489,0.7393715341959335,0.3351351351351351,686.6385585204666,139.71344411196625,8,1,122.3823685453318,8,525.1278940631385
spring_20240520-2_T9,20240520-2,spring,T9,maze,0.8366336633663366,0.7315789473684211,0.0594059405940594,0.0794701986754966,104.6464517283726,141.34066803174488,5,1,7.389953320879421,5,15.411078133450715
winter_20210803-3_T4,20210803-3,winter,T4,maze,0.0944684408527239,0.890652557319224,0.9209976313222796,0.2336874051593323,212.6270140858408,143.9911386754442,5,1,70.08649437352891,5,76.81201136751146
summer_20210912-2_T1,20210912-2,summer,T1,maze,0.1703703703703703,0.2843558282208589,0.6598852373500261,0.4057692307692307,1812.384442199599,142.8039089519255,26,3,1.2778413550952208,26,1335.449159609958
winter_20210802-8_T5,20210802-8,winter,T5,maze,0.253508685837668,0.5303698676620292,0.7107665129060752,0.3509136212624584,815.3765703361378,144.5436342160345,8,1,476.62093373681705,8,492.7834493267903
spring_20210910-1_T1,20210910-1,spring,T1,maze,0.9041095890410958,0.8971553610503282,0.1056751467710371,0.0989010989010989,124.35570860363568,145.50332821096544,9,1,0.1317425264452743,9,8.678486140098865
winter_20240228-3_T4,20240228-3,winter,T4,maze,1,0.9618473895582328,0.1573604060913705,0.1400359066427289,124.6735946147581,140.43459583692382,0,NA,NA,0,0
summer_20210802-1_T9,20210802-1,summer,T9,maze,0.0675975880672802,0.1523733546071001,0.6021897810218978,0.0839328537170263,674.277411910339,143.16706694589502,6,1,544.7057661955267,6,553.9656047491379
winter_20210913-1_T3,20210913-1,winter,T3,maze,0.7292899408284024,0.8413654618473896,0.2633136094674556,0.1252609603340292,166.69813717797626,145.33976095179997,4,1,0.4373781517049178,4,46.59216538678928
summer_20210803-3_T4,20210803-3,summer,T4,maze,0.1463260801009145,0.4375417501670006,0.7639545884578998,0.2833698030634573,1112.051410456004,141.40079206241657,13,1,659.4974914306763,13,939.8094703068422
winter_20240225-4_T4,20240225-4,winter,T4,maze,0.2279765082754938,0.5135593220338983,0.6849973304858515,0.183288409703504,544.4991050891107,140.32055008549202,6,1,347.7204659304691,6,416.40874641999005
winter_20210803-4_T8,20210803-4,winter,T8,maze,0.464968152866242,0.5655172413793104,0.445859872611465,0.3109243697478991,312.1420140864436,145.33027253645503,12,1,2.6303206285847924,12,168.9775744614576
winter_20240303-1_T2,20240303-1,winter,T2,maze,0.267353579175705,0.5218476903870163,0.710412147505423,0.4066713981547196,1282.8808423905152,139.32686542224008,17,1,63.94368152185336,17,932.4384487314724
spring_20240524-2_T8,20240524-2,spring,T8,maze,0.4456296476898695,0.6028332479945383,0.6428745580885042,0.5153677277716795,854.3326216162054,141.0065909394008,6,1,612.7810774318963,6,665.00075470147
spring_20240524-2_T10,20240524-2,spring,T10,maze,0.9470198675496688,0.8246445497630331,0.3013245033112582,0.2266666666666666,112.36623201772788,141.0065909394008,3,3,2.1074588268142116,3,4.152363057817896
spring_20210913-1_T8,20210913-1,spring,T8,maze,0.2099156118143459,0.5462686567164179,0.6466244725738397,0.0368421052631578,372.68013294565,146.2292825322292,7,1,236.64802985468344,7,285.8636775064853
winter_20210910-1_T3,20210910-1,winter,T3,maze,0.7003424657534246,0.8409090909090909,0.2465753424657534,0.0656565656565656,165.17404424000645,145.398981751047,3,2,41.89805453234808,3,45.31828768052531
winter_20210910-2_T10,20210910-2,winter,T10,maze,0.7075892857142857,0.88125,0.2857142857142857,0.0568561872909698,142.21243788430056,144.27341046979302,2,2,25.688223161800774,2,27.97363435776581
winter_20240225-2_T7,20240225-2,winter,T7,maze,0.902439024390244,0.7974137931034483,0.056910569105691,0.070351758793969807,106.45005135989273,141.85220914023697,3,1,7.2435971045801315,3,11.268632659232225
spring_20240524-1_T5,20240524-1,spring,T5,maze,0.4692942254812099,0.6078431372549019,0.2988084326306141,0.0587044534412955,197.1025576876032,142.1330782921529,4,1,1.273252418560473,4,69.39310702623285
winter_20210803-4_T5,20210803-4,winter,T5,maze,0.186335403726708,0.4742489270386266,0.6381987577639752,0.0045045045045045,499.0499855756929,145.3079553713181,4,1,389.85991808206705,4,401.6152067394741
winter_20210802-3_T5,20210802-3,winter,T5,maze,0.5482189400521286,0.7786885245901639,0.3640312771503041,0.073170731707317,171.5201330202975,144.94378347291556,7,3,1.686561033247116,7,46.23599603866946
spring_20210912-2_T10,20210912-2,spring,T10,maze,0.7800751879699248,0.8295454545454546,0.1729323308270676,0.0829145728643216,135.65496074527329,145.5572481342939,7,2,2.2938819931106194,7,18.852036660977195
spring_20240524-3_T5,20240524-3,spring,T5,maze,0.5329153605015674,0.883399209486166,0.4712643678160919,0.0914634146341463,204.5048120885556,139.48397829703362,5,3,2.908925230004482,5,85.87500147308957
summer_20210803-1_T2,20210803-1,summer,T2,maze,0.3723296032553408,0.6076923076923076,0.5371312309257376,0.2088698140200286,326.3916187225324,142.13722034709568,8,2,44.8181193125359,8,181.11471258977437
winter_20240228-1_T3,20240228-1,winter,T3,maze,0.0731288624399176,0.1710700132100396,0.6534676127260243,0.1631663974151858,1467.9039602187738,140.42315273082457,7,1,1265.7193404377344,7,1328.839874056042
spring_20210803-3_T6,20210803-3,spring,T6,maze,0.1995548961424332,0.5,0.6394658753709199,0.0581395348837209,402.3075384699404,146.1563118193595,9,1,2.727173092147053,9,294.7285712836201
winter_20240223-1_T10,20240223-1,winter,T10,maze,0.2335600907029478,0.5323076923076923,0.6315192743764172,0.0225988700564971,364.5594096772436,140.26850131156834,5,1,227.26703630063272,5,257.2271984122614
winter_20240225-2_T9,20240225-2,winter,T9,maze,0.1614434947768281,0.2747474747474747,0.5299145299145299,0.0933333333333333,324.5982066575774,141.79334981796035,8,1,218.23922235493683,8,233.17094060741752
spring_20210803-4_T8,20210803-4,spring,T8,maze,0.8903654485049833,0.83451536643026,0.2973421926910299,0.2996031746031746,232.86058718419596,146.93974504565998,9,3,5.556308575994924,9,31.8287168329952
spring_20210912-1_T3,20210912-1,spring,T3,maze,0.994074074074074,0.965996908809892,0.0414814814814814,0.0428790199081163,121.32360161073689,146.5019214059821,1,8,0.45313161645542827,1,0.45313161645542827
spring_20240526-3_T10,20240526-3,spring,T10,maze,0.4175755687129947,0.6158590308370044,0.6463072608289187,0.4692482915717539,451.42126934960487,139.80157522258443,25,3,6.953680400319382,25,157.5243748445801
winter_20240303-2_T5,20240303-2,winter,T5,maze,0.2532019704433497,0.4481132075471698,0.5822660098522168,0.1592920353982301,398.81075550061615,140.07346571434465,7,1,254.13520947735083,7,302.95552318927264
spring_20210803-8_T3,20210803-8,spring,T3,maze,0.3421612674391109,0.6374508656017396,0.7172617640104043,0.4719412498267978,1521.943076658962,145.26260069688942,19,1,16.047882677182436,19,780.2757094637938
winter_20240228-3_T6,20240228-3,winter,T6,maze,0.7730627306273062,0.87,0.2619926199261992,0.1076923076923077,144.8643185913866,140.41045816814926,4,1,2.2620720293006595,4,33.553649984103245
winter_20210910-2_T2,20210910-2,winter,T2,maze,0.2105415162454873,0.3978260869565217,0.7785800240673887,0.5757013679573383,2563.341288484983,144.74057629509468,41,1,77.17281609725933,41,1820.845014714071
winter_20240228-1_T9,20240228-1,winter,T9,maze,0.622437971952535,0.7866894197952219,0.3678532901833872,0.1797153024911032,179.41047356291497,140.64717002203852,6,2,0.5343130861840937,6,50.961630121426815
summer_20210802-5_T3,20210802-5,summer,T3,maze,0.864390243902439,0.4238505747126437,0.6604878048780488,0.0605095541401273,486.3661131643133,141.87416215267348,6,2,1.5815961001979542,6,55.199728912288194
summer_20210803-3_T5,20210803-3,summer,T5,maze,0.8083333333333333,0.7824267782426778,0.0041666666666666,0,104.82603501529644,141.201273444931,8,1,6.149978673987821,8,27.617575035409647
spring_20210910-1_T8,20210910-1,spring,T8,maze,0.9411764705882352,0.8603773584905661,0.025735294117647,0.0297872340425531,112.56063752079965,145.4321814059821,4,5,1.9566823978155337,4,6.049745028444906
summer_20210912-2_T9,20210912-2,summer,T9,maze,0.2990867579908676,0.5297297297297298,0.5776255707762558,0.234375,395.0770517427563,142.7542026756194,10,1,233.73412996927271,10,290.15303572544656
winter_20210910-1_T9,20210910-1,winter,T9,maze,0.8847262247838616,0.8540372670807453,0.0720461095100864,0.0614334470989761,116.76164569772608,145.0959694171727,6,1,1.711942898913104,6,17.558558790161293
winter_20210803-4_T7,20210803-4,winter,T7,maze,0.8378947368421052,0.8033240997229917,0.24,0.2183288409703504,173.7888002174132,146.40142426942515,6,2,12.53312489784761,6,24.627157033888352
spring_20240526-3_T3,20240526-3,spring,T3,maze,0.1864857674913541,0.5448408871745419,0.7241287576483108,0.1787790697674418,532.0272988579695,139.80157522258443,8,1,334.54842460774756,8,397.3096953489037
winter_20210803-4_T1,20210803-4,winter,T1,maze,0.2278278569351555,0.4461859979101358,0.7217214306484443,0.4170648464163822,2090.585050763505,145.43201806674782,40,1,172.40463082676663,40,1432.2264210408746
spring_20240524-2_T3,20240524-2,spring,T3,maze,0.5332606324972737,0.6871069182389937,0.3064340239912759,0.0602150537634408,187.3557209863328,141.5515751736565,6,1,1.3587853975145867,6,74.18554794853615
spring_20240526-2_T8,20240526-2,spring,T8,maze,0.2967581047381546,0.6503340757238307,0.6267664172901081,0.1151515151515151,391.52976261298585,139.71344411196625,4,1,217.6033500143185,4,279.0187168794601
winter_20240228-2_T7,20240228-2,winter,T7,maze,0.9812889812889812,0.9150485436893204,0.1434511434511434,0.1108490566037735,116.28270513905356,140.38258962354482,2,3,2.5117477348831354,2,3.647585306669728
spring_20240520-1_T6,20240520-1,spring,T6,maze,0.6104461371055495,0.7971014492753623,0.3618063112078346,0.1666666666666666,188.82447442153327,142.09152880184524,10,1,2.076810238662555,10,65.65129711281492
spring_20240524-1_T3,20240524-1,spring,T3,maze,0.2730289750244649,0.5015748031496063,0.7298217248861848,0.4967609416969505,5253.244109373927,142.1330782921529,63,1,205.72806820637769,63,4191.383782139242
spring_20210803-8_T2,20210803-8,spring,T2,maze,0.1634879869765353,0.2008417729843482,0.5732008532614797,0.4743997934773255,3394.220523521672,145.2434444656712,72,1,0.0755601155017245,72,2296.279298790249
summer_20210802-3_T8,20210802-3,summer,T8,maze,0.8003014318010551,0.8780864197530864,0.5116804822908817,0.4575786463298379,291.54748264941003,141.97207557975514,11,2,1.974842486867403,11,28.201623097051428
spring_20240524-2_T7,20240524-2,spring,T7,maze,0.2142321785476349,0.2732013748962901,0.6486925383077948,0.5498925991017379,1717.6083219005586,141.0065909394009,14,3,1.305523363460591,14,1463.4146967699894
spring_20240524-2_T2,20240524-2,spring,T2,maze,0.5811350919264588,0.7980769230769231,0.4180655475619504,0.1302395209580838,211.4515426161981,141.55157517365643,6,1,15.16887694112968,6,71.86577690194405
winter_20240303-3_T10,20240303-3,winter,T10,maze,0.851764705882353,0.8522727272727273,0.1717647058823529,0.0683229813664596,130.41860157952536,141.4117496362706,4,2,13.936159387927754,4,18.65052819182556
winter_20240303-1_T9,20240303-1,winter,T9,maze,0.7321428571428571,0.8175675675675675,0.2448979591836734,0.0396825396825396,144.82797613863534,140.5720619505935,3,2,29.52333387440752,3,33.37518209404849
summer_20210803-1_T10,20210803-1,summer,T10,maze,0.098854961832061,0.2822422579380635,0.7565839694656489,0.2975609756097561,753.2011591362325,141.05927477513725,8,1,581.0768566715983,8,601.1519238439081
spring_20210913-1_T2,20210913-1,spring,T2,maze,0.5771349862258953,0.8020434227330779,0.4607438016528926,0.2406287787182587,284.5153949983235,147.30139709674924,6,1,81.35395355212187,6,141.9606158547853
winter_20240223-1_T6,20240223-1,winter,T6,maze,0.2251882272416153,0.5928571428571429,0.7125256673511293,0.17,476.4956290887652,140.5518478345684,9,1,253.94671923869177,9,341.4714948904333
winter_20210912-3_T10,20210912-3,winter,T10,maze,0.9373297002724796,0.8653846153846154,0.1498637602179836,0.1666666666666666,113.7619870417219,145.32792880622,4,3,1.9313679935574264,4,8.916223609131995
winter_20210802-3_T7,20210802-3,winter,T7,maze,0.0751663254861821,0.3316749585406301,0.8071264073694985,0.1482112436115843,1070.7987809215792,145.74752028794708,8,1,875.3178756462964,8,923.9818209372256
spring_20240520-1_T10,20240520-1,spring,T10,maze,0.9436133486766398,0.962566844919786,0.1392405063291139,0.1187270501835985,129.6270865902716,142.09152880184527,6,3,4.612553411654819,6,8.157725670146325
spring_20210803-1_T9,20210803-1,spring,T9,maze,0.9731404958677686,0.9324324324324323,0.0826446280991735,0.0394431554524361,119.6828691791747,146.53155025905122,3,2,1.9020243808384063,3,4.763985536096316
spring_20210803-4_T10,20210803-4,spring,T10,maze,0.0188711467850738,0.304563492063492,0.9569635385534968,0.269047619047619,1637.2040132377729,145.47957156776886,27,2,2.554913867049315,27,1390.9741929397376
spring_20210913-2_T1,20210913-2,spring,T1,maze,0.7740429505135388,0.8930099857346647,0.3454715219421101,0.2242874845105328,178.1025067510121,145.28491786202633,7,3,4.076466959809072,7,28.014683752568303
summer_20210909-1_T3,20210909-1,summer,T3,maze,0.1018814341498047,0.2765957446808511,0.6829960951366703,0.0952380952380952,668.7015521082591,141.66815297416537,13,1,523.353108048132,13,558.3469836406131
summer_20210803-3_T8,20210803-3,summer,T8,maze,0.2121796638192339,0.4768270944741533,0.6908239184348305,0.288563829787234,392.2536238244115,141.9373202338895,5,1,256.26615718697167,5,261.26495660294955
winter_20240303-1_T7,20240303-1,winter,T7,maze,0.3200916730328495,0.6868131868131868,0.5828877005347594,0.0310077519379844,416.6950612076319,140.10809699445286,2,1,261.0941551789594,2,294.20144738680955
summer_20210909-1_T9,20210909-1,summer,T9,maze,0.702247191011236,0.6460674157303371,0,0,100.60870178352152,141.72975250094967,7,1,6.952982501257706,7,29.009705322034428
summer_20210803-3_T2,20210803-3,summer,T2,maze,0.285309132161089,0.6166666666666667,0.5916052183777651,0.0901639344262295,324.4050649248468,141.68711452848208,6,1,63.74897642329908,6,200.24530823800148
spring_20240524-1_T9,20240524-1,spring,T9,maze,0.1622093023255814,0.4333333333333333,0.6511627906976745,0.0151515151515151,421.5534352466837,142.01592282073543,5,1,305.5944059561794,5,311.5060763034763
winter_20210910-2_T8,20210910-2,winter,T8,maze,0.2063056888279643,0.3171856978085351,0.4057573680603152,0.0350877192982456,317.07330008429955,145.3598829192118,4,1,195.5046040768013,4,202.34889604256009
winter_20210910-1_T6,20210910-1,winter,T6,maze,0.9620689655172414,0.8776978417266187,0.0413793103448275,0.0161290322580645,113.80120840538856,145.33976095179997,2,7,1.518020692527386,2,4.210723347596314
spring_20240526-2_T6,20240526-2,spring,T6,maze,0.490073145245559,0.7622950819672131,0.490073145245559,0.1733333333333333,307.6568392907373,139.71344411196625,7,1,90.69709249574396,7,175.49248079370645
winter_20240223-1_T3,20240223-1,winter,T3,maze,0.3187641296156744,0.5657370517928287,0.6217030896759608,0.2176308539944903,391.2261687154089,141.64941497005947,8,1,226.3926618427,8,279.37453889216096
spring_20210913-2_T8,20210913-2,spring,T8,maze,0.8643533123028391,0.8874296435272045,0.1593059936908517,0.124074074074074,132.88119675073565,145.28491786202633,9,1,3.869170588855829,9,21.457485899087285
winter_20240225-4_T1,20240225-4,winter,T1,maze,0.5747028862478778,0.7299168975069252,0.3870967741935484,0.1127946127946128,264.7720584490608,141.4379323094285,8,1,0.7932161548250065,8,114.2806471667093
winter_20210802-8_T9,20210802-8,winter,T9,maze,0.005840237490056,0.0103415484586734,0.5103125788238033,0.03690036900369,1678.77501707084,145.33976095179997,7,1,1513.8199041398943,7,1529.0008807300453
winter_20210802-8_T4,20210802-8,winter,T4,maze,0.0540986063239922,0.2755388940955951,0.8401019031919676,0.1694915254237288,1070.399555888616,144.24476101209467,2,1,918.9117873923938,2,919.3996152504476
winter_20210912-3_T5,20210912-3,winter,T5,maze,1,0.98015873015873,0.1627906976744186,0.1050724637681159,134.37543671433954,144.48409550054117,0,NA,NA,0,0
winter_20240225-2_T3,20240225-2,winter,T3,maze,0.150599520383693,0.3713080168776371,0.6589928057553956,0.0927835051546391,708.8378743004635,140.98754548141565,8,1,521.2768051963981,8,585.6830371070081
winter_20210910-1_T8,20210910-1,winter,T8,maze,0.9201388888888888,0.8503649635036497,0.0486111111111111,0.0566801619433198,111.48192112343344,145.25601043003113,3,3,6.078800312053145,3,13.61643081829373
summer_20210802-2_T10,20210802-2,summer,T10,maze,0.8165680473372781,0.921104536489152,0.25,0.1367837338262477,123.35781200560332,141.67653810839278,7,1,2.003034420417048,7,12.415475964104928
spring_20240520-4_T1,20240520-4,spring,T1,maze,0.2841853437421304,0.5014409221902018,0.650465877612692,0.3732552904097253,1816.7810852288887,141.34066803174488,28,1,85.33173090429914,28,1225.8012816098294
winter_20240228-1_T5,20240228-1,winter,T5,maze,0.5512321660181583,0.7756653992395437,0.5451794206658019,0.3289473684210526,534.6460321915531,140.59276455749475,17,1,0.3961439669477359,17,199.57129966243463
summer_20210803-3_T10,20210803-3,summer,T10,maze,0.9448818897637796,0.84251968503937,0,0,108.6980585671278,141.11482165731405,2,8,1.1459643208688988,2,6.2537101805028925
spring_20210803-8_T5,20210803-8,spring,T5,maze,0.9531157270029672,0.9604261796042618,0.2201780415430267,0.2107567229518449,223.96415349354288,146.10681997229503,9,2,1.9071598464857231,9,7.258645896453462
summer_20210803-4_T7,20210803-4,summer,T7,maze,0.9776247848537004,0.975609756097561,0.0120481927710843,0.0123456790123456,115.62255636301131,140.96176309035252,3,1,2.968860921252181,3,6.278887365348561
winter_20210802-1_T4,20210802-1,winter,T4,maze,0.2187392352738546,0.4847590953785644,0.6496727523251808,0.2112,497.2951409124865,144.27731420315325,9,1,43.02266961094266,9,338.8422795842722
winter_20240228-1_T2,20240228-1,winter,T2,maze,0.9227053140096618,0.8814589665653495,0.2053140096618357,0.1737891737891738,124.8558832505836,139.59471692881775,3,1,1.2806283206072455,3,8.482315251155548
summer_20210802-3_T10,20210802-3,summer,T10,maze,0.9788359788359788,0.9232876712328768,0.0343915343915343,0.0371428571428571,113.41240616491308,142.27332966230367,1,7,2.0832685858703344,1,2.0832685858703344
spring_20210803-4_T7,20210803-4,spring,T7,maze,0.8351351351351352,0.8473053892215568,0.0972972972972973,0.0406779661016949,123.32866388590432,146.68088409822406,6,3,6.50869525995714,6,16.192716826319643
spring_20240520-4_T3,20240520-4,spring,T3,maze,0.5159763313609468,0.7717171717171717,0.4142011834319526,0.0947867298578199,231.92398491287463,141.3406680317449,2,1,94.82403224686952,2,105.89862910710906
winter_20240303-2_T8,20240303-2,winter,T8,maze,0.2824010914051841,0.4942528735632184,0.5252387448840382,0.0282485875706214,336.66816574093946,139.40010800862643,7,1,200.40231773986483,7,242.55311481799012
summer_20210909-1_T2,20210909-1,summer,T2,maze,0.2169540229885057,0.4834254143646408,0.6532567049808429,0.2045454545454545,400.9217208048971,141.78972262754465,10,1,95.1372277665916,10,269.3324505570593
winter_20240228-1_T6,20240228-1,winter,T6,maze,0.2483609718472811,0.5420792079207921,0.6883918241419206,0.3047619047619048,600.3591261037312,141.08089576763257,10,1,1.1650326491358782,10,464.81529128023686
summer_20210802-3_T2,20210802-3,summer,T2,maze,0.1534157832744405,0.4621794871794872,0.7703180212014135,0.3013565891472868,781.494669844436,143.16097836143388,10,1,577.0488130735948,10,627.3451858866985
spring_20210803-3_T3,20210803-3,spring,T3,maze,0.0718660677827684,0.2626913779210314,0.7466312780726827,0.0151057401812688,926.539979866108,146.79695106814106,5,1,715.0260601497623,5,805.5101015247635
winter_20240228-3_T10,20240228-3,winter,T10,maze,0.2394122731201383,0.4674556213017751,0.5617977528089888,0.052,360.20336811547185,139.27678862079424,6,1,224.43378382469368,6,259.5825488874918
summer_20210803-3_T9,20210803-3,summer,T9,maze,0.9916666666666668,0.9444444444444444,0.0625,0.0659340659340659,118.02285570257344,141.8611638469822,1,8,0.9824390989968554,1,0.9824390989968554
summer_20210802-1_T1,20210802-1,summer,T1,maze,0.8868194842406877,0.9266211604095564,0.160458452722063,0.099502487562189,134.3460547912631,142.57939196723203,9,2,0.8703441247880761,9,7.610918138435561
spring_20240526-2_T10,20240526-2,spring,T10,maze,0.9308943089430894,0.8428571428571429,0.1463414634146341,0.1650943396226415,110.69849674290477,139.71344411196625,4,1,1.0681203477098309,4,6.1190035168808805
spring_20210913-2_T4,20210913-2,spring,T4,maze,0.7241379310344828,0.8437935843793585,0.2507836990595611,0.1102941176470588,181.4821067027562,145.28491786202633,7,2,1.7915196996772351,7,52.126717509117256
spring_20210803-3_T10,20210803-3,spring,T10,maze,0.958217270194986,0.8950437317784257,0.0445682451253481,0.0495356037151702,115.28813856994374,146.520189822305,3,5,2.1225571009894684,3,5.282000269840566
spring_20240524-3_T6,20240524-3,spring,T6,maze,0.7764084507042254,0.9039301310043668,0.1936619718309859,0.0304449648711943,142.96870581348352,139.48397829703362,5,1,1.7529625964771138,5,32.98039954957449
spring_20240520-3_T10,20240520-3,spring,T10,maze,0.0725066127275556,0.190917516218721,0.6642290337638089,0.0741573033707865,596.3648382606574,141.39774363966376,6,3,5.671877160196575,6,477.8716020428583
winter_20240225-1_T3,20240225-1,winter,T3,maze,0.2218710493046776,0.5823529411764706,0.6776232616940582,0.1,467.019774792111,142.52263143186363,6,1,269.86035634090416,6,339.5138357118888
winter_20210912-3_T1,20210912-3,winter,T1,maze,0.2858220211161387,0.5048543689320388,0.6892911010558069,0.4099290780141844,697.2860261557162,145.398981751047,16,5,1.7545757966707596,16,430.26929238822527
spring_20240520-1_T9,20240520-1,spring,T9,maze,0.3309993634627626,0.6143560872624912,0.5477402928071292,0.1532492725509214,447.5297124770456,142.09152880184527,6,1,322.12439903919886,6,326.2260500212558
winter_20210912-1_T1,20210912-1,winter,T1,maze,0.6134453781512605,0.8123827392120075,0.3601440576230492,0.0941422594142259,166.59473841166573,145.30795537131803,5,6,10.859294474785234,5,33.392637076446576
winter_20240225-1_T8,20240225-1,winter,T8,maze,0.1704119850187266,0.3923076923076923,0.6348314606741573,0.0783132530120482,387.83718216639846,142.09413566329752,7,1,253.4902326025567,7,292.0613236876331
winter_20210803-4_T2,20210803-4,winter,T2,maze,0.278125,0.5255591054313099,0.60875,0.2454128440366972,410.62095102961314,145.3079553713181,8,1,159.34413475939195,8,282.57512804127543
